# Melhores coberturas conhecidas no mundo, e melhores limites inferiores
# já provados, para o covering design C(v,k,t).
#
# Fonte: La Jolla Covering Repository, D. M. Gordon.
#   https://github.com/dmgordo/LJCR
# Licença: Creative Commons Attribution 4.0 (CC BY 4.0).
#
# Gerado por ferramentas/atualizar-referencia.py — não editar à mão.
#
# v,k,t,melhor_conhecido,limite_publicado
4,3,2,3,3
5,3,2,4,4
5,4,2,3,3
5,4,3,4,4
6,3,2,6,6
6,4,2,3,3
6,4,3,6,6
6,5,2,3,3
6,5,3,4,4
6,5,4,5,5
7,3,2,7,7
7,4,2,5,5
7,4,3,12,12
7,5,2,3,3
7,5,3,5,5
7,5,4,9,9
7,6,2,3,3
7,6,3,4,4
7,6,4,5,5
7,6,5,6,6
8,3,2,11,11
8,4,2,6,6
8,4,3,14,14
8,5,2,4,4
8,5,3,8,8
8,5,4,20,20
8,6,2,3,3
8,6,3,4,4
8,6,4,7,7
8,6,5,12,12
8,7,2,3,3
8,7,3,4,4
8,7,4,5,5
8,7,5,6,6
8,7,6,7,7
9,3,2,12,12
9,4,2,8,8
9,4,3,25,25
9,5,2,5,5
9,5,3,12,12
9,5,4,30,30
9,6,2,3,3
9,6,3,7,7
9,6,4,12,12
9,6,5,30,30
9,7,2,3,3
9,7,3,4,4
9,7,4,6,6
9,7,5,9,9
9,7,6,16,16
9,8,2,3,3
9,8,3,4,4
9,8,4,5,5
9,8,5,6,6
9,8,6,7,7
9,8,7,8,8
10,3,2,17,17
10,4,2,9,9
10,4,3,30,30
10,5,2,6,6
10,5,3,17,17
10,5,4,51,51
10,6,2,4,4
10,6,3,10,10
10,6,4,20,20
10,6,5,50,50
10,7,2,3,3
10,7,3,6,6
10,7,4,10,10
10,7,5,20,20
10,7,6,45,45
10,8,2,3,3
10,8,3,4,4
10,8,4,5,5
10,8,5,8,8
10,8,6,12,12
10,8,7,20,20
10,9,2,3,3
10,9,3,4,4
10,9,4,5,5
10,9,5,6,6
10,9,6,7,7
10,9,7,8,8
10,9,8,9,9
11,3,2,19,19
11,4,2,11,11
11,4,3,47,47
11,5,2,7,7
11,5,3,20,20
11,5,4,66,66
11,6,2,6,6
11,6,3,11,11
11,6,4,32,32
11,6,5,100,96
11,7,2,4,4
11,7,3,8,8
11,7,4,17,17
11,7,5,34,34
11,7,6,84,84
11,8,2,3,3
11,8,3,5,5
11,8,4,9,9
11,8,5,16,16
11,8,6,29,29
11,8,7,63,63
11,9,2,3,3
11,9,3,4,4
11,9,4,5,5
11,9,5,7,7
11,9,6,10,10
11,9,7,15,15
11,9,8,25,25
11,10,2,3,3
11,10,3,4,4
11,10,4,5,5
11,10,5,6,6
11,10,6,7,7
11,10,7,8,8
11,10,8,9,9
12,3,2,24,24
12,4,2,12,12
12,4,3,57,57
12,5,2,9,9
12,5,3,29,27
12,5,4,113,113
12,6,2,6,6
12,6,3,15,15
12,6,4,41,40
12,6,5,132,132
12,7,2,5,5
12,7,3,11,11
12,7,4,24,20
12,7,5,59,55
12,7,6,176,165
12,8,2,3,3
12,8,3,6,6
12,8,4,12,12
12,8,5,26,26
12,8,6,51,51
12,8,7,126,126
12,9,2,3,3
12,9,3,4,4
12,9,4,8,8
12,9,5,12,12
12,9,6,22,22
12,9,7,40,40
12,9,8,84,84
12,10,2,3,3
12,10,3,4,4
12,10,4,5,5
12,10,5,6,6
12,10,6,9,9
12,10,7,12,12
12,10,8,18,18
12,11,2,3,3
12,11,3,4,4
12,11,4,5,5
12,11,5,6,6
12,11,6,7,7
12,11,7,8,8
12,11,8,9,9
13,3,2,26,26
13,4,2,13,13
13,4,3,78,78
13,5,2,10,10
13,5,3,34,32
13,5,4,157,149
13,6,2,7,7
13,6,3,21,20
13,6,4,66,59
13,6,5,245,245
13,7,2,6,6
13,7,3,13,13
13,7,4,30,28
13,7,5,78,75
13,7,6,264,251
13,8,2,4,4
13,8,3,10,10
13,8,4,18,18
13,8,5,42,33
13,8,6,99,90
13,8,7,295,269
13,9,2,3,3
13,9,3,6,6
13,9,4,10,10
13,9,5,19,19
13,9,6,39,38
13,9,7,79,74
13,9,8,185,185
13,10,2,3,3
13,10,3,4,4
13,10,4,7,7
13,10,5,11,11
13,10,6,16,16
13,10,7,30,30
13,10,8,52,52
13,11,2,3,3
13,11,3,4,4
13,11,4,5,5
13,11,5,6,6
13,11,6,8,8
13,11,7,11,11
13,11,8,15,15
13,12,2,3,3
13,12,3,4,4
13,12,4,5,5
13,12,5,6,6
13,12,6,7,7
13,12,7,8,8
13,12,8,9,9
14,3,2,33,33
14,4,2,18,18
14,4,3,91,91
14,5,2,12,12
14,5,3,43,37
14,5,4,229,219
14,6,2,7,7
14,6,3,25,24
14,6,4,80,75
14,6,5,371,348
14,7,2,6,6
14,7,3,15,15
14,7,4,44,40
14,7,5,138,118
14,7,6,501,490
14,8,2,5,5
14,8,3,11,11
14,8,4,24,23
14,8,5,55,49
14,8,6,151,132
14,8,7,471,445
14,9,2,4,4
14,9,3,8,8
14,9,4,16,16
14,9,5,32,28
14,9,6,68,52
14,9,7,163,140
14,9,8,471,419
14,10,2,3,3
14,10,3,5,5
14,10,4,9,9
14,10,5,14,14
14,10,6,29,27
14,10,7,56,54
14,10,8,115,104
14,11,2,3,3
14,11,3,4,4
14,11,4,6,6
14,11,5,10,10
14,11,6,14,14
14,11,7,22,22
14,11,8,40,40
14,12,2,3,3
14,12,3,4,4
14,12,4,5,5
14,12,5,6,6
14,12,6,7,7
14,12,7,10,10
14,12,8,13,13
14,13,2,3,3
14,13,3,4,4
14,13,4,5,5
14,13,5,6,6
14,13,6,7,7
14,13,7,8,8
14,13,8,9,9
15,3,2,35,35
15,4,2,19,19
15,4,3,124,124
15,5,2,13,13
15,5,3,55,54
15,5,4,294,274
15,6,2,10,10
15,6,3,31,30
15,6,4,117,93
15,6,5,578,548
15,7,2,7,7
15,7,3,15,15
15,7,4,57,52
15,7,5,189,161
15,7,6,818,746
15,8,2,6,6
15,8,3,13,13
15,8,4,30,29
15,8,5,89,75
15,8,6,281,222
15,8,7,968,919
15,9,2,4,4
15,9,3,10,10
15,9,4,20,19
15,9,5,42,39
15,9,6,99,82
15,9,7,270,220
15,9,8,789,751
15,10,2,3,3
15,10,3,7,7
15,10,4,14,12
15,10,5,27,24
15,10,6,51,42
15,10,7,108,78
15,10,8,253,210
15,11,2,3,3
15,11,3,5,5
15,11,4,8,8
15,11,5,13,13
15,11,6,21,21
15,11,7,42,37
15,11,8,80,74
15,12,2,3,3
15,12,3,4,4
15,12,4,5,5
15,12,5,9,9
15,12,6,13,13
15,12,7,18,18
15,12,8,30,30
15,13,2,3,3
15,13,3,4,4
15,13,4,5,5
15,13,5,6,6
15,13,6,7,7
15,13,7,9,9
15,13,8,12,12
15,14,2,3,3
15,14,3,4,4
15,14,4,5,5
15,14,5,6,6
15,14,6,7,7
15,14,7,8,8
15,14,8,9,9
16,3,2,43,43
16,4,2,20,20
16,4,3,140,140
16,5,2,15,15
16,5,3,65,61
16,5,4,405,397
16,6,2,10,10
16,6,3,38,35
16,6,4,152,144
16,6,5,808,731
16,7,2,8,8
16,7,3,24,23
16,7,4,76,69
16,7,5,283,213
16,7,6,1328,1253
16,8,2,6,6
16,8,3,14,14
16,8,4,30,30
16,8,5,115,104
16,8,6,390,322
16,8,7,1636,1492
16,9,2,5,5
16,9,3,11,11
16,9,4,26,24
16,9,5,61,52
16,9,6,169,134
16,9,7,518,395
16,9,8,1757,1634
16,10,2,4,4
16,10,3,8,8
16,10,4,18,16
16,10,5,34,31
16,10,6,76,63
16,10,7,165,132
16,10,8,448,352
16,11,2,3,3
16,11,3,6,6
16,11,4,12,12
16,11,5,22,18
16,11,6,44,36
16,11,7,80,62
16,11,8,167,114
16,12,2,3,3
16,12,3,4,4
16,12,4,7,7
16,12,5,12,12
16,12,6,19,19
16,12,7,28,28
16,12,8,59,56
16,13,2,3,3
16,13,3,4,4
16,13,4,5,5
16,13,5,8,8
16,13,6,12,12
16,13,7,16,16
16,13,8,24,24
16,14,2,3,3
16,14,3,4,4
16,14,4,5,5
16,14,5,6,6
16,14,6,7,7
16,14,7,8,8
16,14,8,11,11
16,15,2,3,3
16,15,3,4,4
16,15,4,5,5
16,15,5,6,6
16,15,6,7,7
16,15,7,8,8
16,15,8,9,9
17,3,2,46,46
17,4,2,26,26
17,4,3,183,183
17,5,2,16,16
17,5,3,68,68
17,5,4,491,477
17,6,2,12,12
17,6,3,44,43
17,6,4,188,173
17,6,5,1213,1125
17,7,2,9,9
17,7,3,27,25
17,7,4,99,85
17,7,5,398,351
17,7,6,2048,1776
17,8,2,7,7
17,8,3,18,17
17,8,4,53,49
17,8,5,177,147
17,8,6,615,453
17,8,7,2956,2663
17,9,2,6,6
17,9,3,13,13
17,9,4,28,27
17,9,5,79,59
17,9,6,242,197
17,9,7,841,609
17,9,8,3239,2819
17,10,2,5,5
17,10,3,11,11
17,10,4,23,19
17,10,5,48,41
17,10,6,118,89
17,10,7,302,228
17,10,8,947,672
17,11,2,4,4
17,11,3,7,7
17,11,4,15,13
17,11,5,30,25
17,11,6,58,48
17,11,7,125,98
17,11,8,282,204
17,12,2,3,3
17,12,3,6,6
17,12,4,10,10
17,12,5,17,17
17,12,6,34,26
17,12,7,64,51
17,12,8,122,88
17,13,2,3,3
17,13,3,4,4
17,13,4,7,7
17,13,5,11,11
17,13,6,17,17
17,13,7,26,25
17,13,8,42,37
17,14,2,3,3
17,14,3,4,4
17,14,4,5,5
17,14,5,7,7
17,14,6,11,11
17,14,7,15,15
17,14,8,20,20
17,15,2,3,3
17,15,3,4,4
17,15,4,5,5
17,15,5,6,6
17,15,6,7,7
17,15,7,8,8
17,15,8,10,10
17,16,2,3,3
17,16,3,4,4
17,16,4,5,5
17,16,5,6,6
17,16,6,7,7
17,16,7,8,8
17,16,8,9,9
18,3,2,54,54
18,4,2,27,27
18,4,3,207,207
18,5,2,18,18
18,5,3,94,94
18,5,4,664,659
18,6,2,12,12
18,6,3,48,48
18,6,4,236,205
18,6,5,1546,1431
18,7,2,10,10
18,7,3,33,31
18,7,4,126,111
18,7,5,548,445
18,7,6,3260,2893
18,8,2,7,7
18,8,3,21,21
18,8,4,66,57
18,8,5,250,192
18,8,6,916,790
18,8,7,4684,3996
18,9,2,6,6
18,9,3,16,14
18,9,4,38,34
18,9,5,113,98
18,9,6,395,294
18,9,7,1250,906
18,9,8,6098,5326
18,10,2,5,5
18,10,3,12,11
18,10,4,26,24
18,10,5,54,49
18,10,6,153,107
18,10,7,498,355
18,10,8,1550,1097
18,11,2,4,4
18,11,3,10,9
18,11,4,19,18
18,11,5,42,32
18,11,6,88,68
18,11,7,208,146
18,11,8,532,374
18,12,2,3,3
18,12,3,6,6
18,12,4,12,12
18,12,5,24,20
18,12,6,48,38
18,12,7,96,72
18,12,8,206,147
18,13,2,3,3
18,13,3,5,5
18,13,4,9,9
18,13,5,15,15
18,13,6,28,24
18,13,7,50,36
18,13,8,92,71
18,14,2,3,3
18,14,3,4,4
18,14,4,6,6
18,14,5,9,9
18,14,6,15,15
18,14,7,24,24
18,14,8,34,34
18,15,2,3,3
18,15,3,4,4
18,15,4,5,5
18,15,5,6,6
18,15,6,10,10
18,15,7,14,14
18,15,8,18,18
18,16,2,3,3
18,16,3,4,4
18,16,4,5,5
18,16,5,6,6
18,16,6,7,7
18,16,7,8,8
18,16,8,9,9
18,17,2,3,3
18,17,3,4,4
18,17,4,5,5
18,17,5,6,6
18,17,6,7,7
18,17,7,8,8
18,17,8,9,9
19,3,2,57,57
19,4,2,31,31
19,4,3,258,257
19,5,2,19,19
19,5,3,108,103
19,5,4,846,787
19,6,2,15,15
19,6,3,60,57
19,6,4,325,298
19,6,5,2175,2087
19,7,2,11,11
19,7,3,35,33
19,7,4,151,131
19,7,5,703,557
19,7,6,4414,3885
19,8,2,9,9
19,8,3,27,24
19,8,4,84,74
19,8,5,335,264
19,8,6,1378,1057
19,8,7,7915,6871
19,9,2,7,7
19,9,3,17,16
19,9,4,48,45
19,9,5,149,121
19,9,6,581,406
19,9,7,2165,1668
19,9,8,10518,8436
19,10,2,6,6
19,10,3,14,13
19,10,4,32,27
19,10,5,83,65
19,10,6,230,187
19,10,7,821,559
19,10,8,2458,1722
19,11,2,5,5
19,11,3,11,9
19,11,4,23,19
19,11,5,49,42
19,11,6,102,85
19,11,7,270,185
19,11,8,895,614
19,12,2,4,4
19,12,3,9,9
19,12,4,17,15
19,12,5,37,29
19,12,6,72,51
19,12,7,151,108
19,12,8,357,232
19,13,2,3,3
19,13,3,6,6
19,13,4,11,11
19,13,5,21,18
19,13,6,42,30
19,13,7,77,56
19,13,8,154,106
19,14,2,3,3
19,14,3,5,5
19,14,4,9,9
19,14,5,14,14
19,14,6,22,21
19,14,7,40,33
19,14,8,74,49
19,15,2,3,3
19,15,3,4,4
19,15,4,6,6
19,15,5,9,9
19,15,6,13,13
19,15,7,19,19
19,15,8,31,31
19,16,2,3,3
19,16,3,4,4
19,16,4,5,5
19,16,5,6,6
19,16,6,9,9
19,16,7,13,13
19,16,8,17,17
19,17,2,3,3
19,17,3,4,4
19,17,4,5,5
19,17,5,6,6
19,17,6,7,7
19,17,7,8,8
19,17,8,9,9
19,18,2,3,3
19,18,3,4,4
19,18,4,5,5
19,18,5,6,6
19,18,6,7,7
19,18,7,8,8
19,18,8,9,9
20,3,2,67,67
20,4,2,35,35
20,4,3,285,285
20,5,2,21,21
20,5,3,133,124
20,5,4,1068,1028
20,6,2,16,16
20,6,3,71,64
20,6,4,382,344
20,6,5,2850,2624
20,7,2,12,12
20,7,3,45,43
20,7,4,198,164
20,7,5,980,852
20,7,6,6552,5963
20,8,2,9,9
20,8,3,28,28
20,8,4,93,83
20,8,5,418,328
20,8,6,1987,1393
20,8,7,11292,9713
20,9,2,7,7
20,9,3,21,20
20,9,4,63,54
20,9,5,211,165
20,9,6,820,587
20,9,7,3405,2349
20,9,8,18397,15269
20,10,2,6,6
20,10,3,15,14
20,10,4,36,32
20,10,5,96,90
20,10,6,343,242
20,10,7,1296,812
20,10,8,4510,3336
20,11,2,6,6
20,11,3,12,11
20,11,4,28,24
20,11,5,64,50
20,11,6,172,119
20,11,7,425,340
20,11,8,1658,1017
20,12,2,4,4
20,12,3,10,9
20,12,4,20,15
20,12,5,42,32
20,12,6,84,70
20,12,7,186,142
20,12,8,470,309
20,13,2,4,4
20,13,3,8,8
20,13,4,15,14
20,13,5,31,24
20,13,6,64,45
20,13,7,122,79
20,13,8,256,167
20,14,2,3,3
20,14,3,6,6
20,14,4,10,10
20,14,5,18,16
20,14,6,32,26
20,14,7,60,43
20,14,8,119,80
20,15,2,3,3
20,15,3,4,4
20,15,4,8,8
20,15,5,12,12
20,15,6,19,19
20,15,7,34,28
20,15,8,57,44
20,16,2,3,3
20,16,3,4,4
20,16,4,5,5
20,16,5,8,8
20,16,6,12,12
20,16,7,17,17
20,16,8,26,26
20,17,2,3,3
20,17,3,4,4
20,17,4,5,5
20,17,5,6,6
20,17,6,8,8
20,17,7,12,12
20,17,8,16,16
20,18,2,3,3
20,18,3,4,4
20,18,4,5,5
20,18,5,6,6
20,18,6,7,7
20,18,7,8,8
20,18,8,9,9
20,19,2,3,3
20,19,3,4,4
20,19,4,5,5
20,19,5,6,6
20,19,6,7,7
20,19,7,8,8
20,19,8,9,9
21,3,2,70,70
21,4,2,37,37
21,4,3,352,352
21,5,2,21,21
21,5,3,151,147
21,5,4,1247,1197
21,6,2,17,17
21,6,3,77,74
21,6,4,484,434
21,6,5,3908,3598
21,7,2,13,13
21,7,3,49,48
21,7,4,235,192
21,7,5,1279,1032
21,7,6,9218,7872
21,8,2,11,11
21,8,3,35,32
21,8,4,124,113
21,8,5,558,431
21,8,6,2890,2237
21,8,7,17833,15653
21,9,2,7,7
21,9,3,24,21
21,9,4,75,66
21,9,5,268,194
21,9,6,1060,766
21,9,7,5265,3251
21,9,8,28571,22664
21,10,2,7,7
21,10,3,18,16
21,10,4,49,42
21,10,5,145,114
21,10,6,514,347
21,10,7,1888,1233
21,10,8,7676,4933
21,11,2,6,6
21,11,3,14,13
21,11,4,31,27
21,11,5,79,62
21,11,6,221,172
21,11,7,692,462
21,11,8,2626,1551
21,12,2,5,5
21,12,3,11,11
21,12,4,25,20
21,12,5,54,42
21,12,6,127,88
21,12,7,315,209
21,12,8,755,595
21,13,2,4,4
21,13,3,9,9
21,13,4,18,15
21,13,5,37,25
21,13,6,75,52
21,13,7,158,114
21,13,8,342,230
21,14,2,3,3
21,14,3,7,7
21,14,4,14,12
21,14,5,27,21
21,14,6,56,36
21,14,7,104,68
21,14,8,193,119
21,15,2,3,3
21,15,3,5,5
21,15,4,9,9
21,15,5,16,14
21,15,6,27,23
21,15,7,50,37
21,15,8,96,61
21,16,2,3,3
21,16,3,4,4
21,16,4,7,7
21,16,5,12,12
21,16,6,17,17
21,16,7,28,25
21,16,8,48,37
21,17,2,3,3
21,17,3,4,4
21,17,4,5,5
21,17,5,8,8
21,17,6,11,11
21,17,7,16,15
21,17,8,21,21
21,18,2,3,3
21,18,3,4,4
21,18,4,5,5
21,18,5,6,6
21,18,6,7,7
21,18,7,11,11
21,18,8,15,15
21,19,2,3,3
21,19,3,4,4
21,19,4,5,5
21,19,5,6,6
21,19,6,7,7
21,19,7,8,8
21,19,8,9,9
21,20,2,3,3
21,20,3,4,4
21,20,4,5,5
21,20,5,6,6
21,20,6,7,7
21,20,7,8,8
21,20,8,9,9
22,3,2,81,81
22,4,2,39,39
22,4,3,385,385
22,5,2,27,27
22,5,3,172,163
22,5,4,1573,1549
22,6,2,19,19
22,6,3,77,77
22,6,4,580,539
22,6,5,4676,4389
22,7,2,13,13
22,7,3,59,54
22,7,4,252,233
22,7,5,1584,1364
22,7,6,13038,11308
22,8,2,11,11
22,8,3,38,36
22,8,4,152,132
22,8,5,688,528
22,8,6,3659,2838
22,8,7,26569,21648
22,9,2,9,9
22,9,3,28,27
22,9,4,95,79
22,9,5,362,277
22,9,6,1511,1054
22,9,7,8024,5469
22,9,8,46310,38263
22,10,2,7,7
22,10,3,19,17
22,10,4,54,47
22,10,5,184,146
22,10,6,730,427
22,10,7,2525,1686
22,10,8,12658,7153
22,11,2,6,6
22,11,3,15,14
22,11,4,38,32
22,11,5,108,84
22,11,6,342,228
22,11,7,1131,694
22,11,8,4324,2466
22,12,2,6,6
22,12,3,11,11
22,12,4,28,24
22,12,5,63,50
22,12,6,157,114
22,12,7,436,316
22,12,8,1362,847
22,13,2,5,5
22,13,3,11,9
22,13,4,22,19
22,13,5,48,34
22,13,6,104,72
22,13,7,240,149
22,13,8,575,354
22,14,2,4,4
22,14,3,8,8
22,14,4,17,15
22,14,5,33,24
22,14,6,66,40
22,14,7,129,82
22,14,8,270,180
22,15,2,3,3
22,15,3,6,6
22,15,4,12,11
22,15,5,22,18
22,15,6,46,31
22,15,7,90,53
22,15,8,163,100
22,16,2,3,3
22,16,3,5,5
22,16,4,9,9
22,16,5,14,13
22,16,6,24,20
22,16,7,40,32
22,16,8,71,51
22,17,2,3,3
22,17,3,4,4
22,17,4,7,7
22,17,5,11,10
22,17,6,17,16
22,17,7,22,22
22,17,8,40,33
22,18,2,3,3
22,18,3,4,4
22,18,4,5,5
22,18,5,7,7
22,18,6,10,10
22,18,7,15,14
22,18,8,20,20
22,19,2,3,3
22,19,3,4,4
22,19,4,5,5
22,19,5,6,6
22,19,6,7,7
22,19,7,10,10
22,19,8,14,14
22,20,2,3,3
22,20,3,4,4
22,20,4,5,5
22,20,5,6,6
22,20,6,7,7
22,20,7,8,8
22,20,8,9,9
22,21,2,3,3
22,21,3,4,4
22,21,4,5,5
22,21,5,6,6
22,21,6,7,7
22,21,7,8,8
22,21,8,9,9
23,3,2,85,85
23,4,2,46,46
23,4,3,466,466
23,5,2,28,28
23,5,3,187,180
23,5,4,1771,1771
23,6,2,21,20
23,6,3,104,104
23,6,4,716,625
23,6,5,6161,5938
23,7,2,16,15
23,7,3,65,63
23,7,4,253,253
23,7,5,1948,1771
23,7,6,16192,14421
23,8,2,12,12
23,8,3,40,38
23,8,4,193,156
23,8,5,755,670
23,8,6,4554,3922
23,8,7,38962,32511
23,9,2,10,10
23,9,3,32,29
23,9,4,107,92
23,9,5,455,338
23,9,6,2020,1350
23,9,7,11086,7253
23,9,8,71811,55323
23,10,2,8,8
23,10,3,24,21
23,10,4,74,63
23,10,5,241,182
23,10,6,1042,638
23,10,7,4014,2425
23,10,8,20266,12579
23,11,2,7,7
23,11,3,15,15
23,11,4,42,36
23,11,5,131,99
23,11,6,465,306
23,11,7,1750,893
23,11,8,5336,3526
23,12,2,6,6
23,12,3,14,13
23,12,4,31,27
23,12,5,81,62
23,12,6,240,163
23,12,7,703,437
23,12,8,2355,1331
23,13,2,5,5
23,13,3,11,11
23,13,4,25,20
23,13,5,54,43
23,13,6,123,89
23,13,7,320,202
23,13,8,851,560
23,14,2,4,4
23,14,3,10,9
23,14,4,20,15
23,14,5,42,32
23,14,6,91,56
23,14,7,191,119
23,14,8,426,245
23,15,2,4,4
23,15,3,7,7
23,15,4,15,13
23,15,5,29,23
23,15,6,56,37
23,15,7,110,62
23,15,8,202,126
23,16,2,3,3
23,16,3,6,6
23,16,4,11,10
23,16,5,20,16
23,16,6,38,26
23,16,7,74,45
23,16,8,142,77
23,17,2,3,3
23,17,3,5,5
23,17,4,8,8
23,17,5,13,13
23,17,6,22,18
23,17,7,35,28
23,17,8,60,44
23,18,2,3,3
23,18,3,4,4
23,18,4,6,6
23,18,5,10,10
23,18,6,16,15
23,18,7,22,21
23,18,8,35,29
23,19,2,3,3
23,19,3,4,4
23,19,4,5,5
23,19,5,7,7
23,19,6,10,10
23,19,7,14,14
23,19,8,19,18
23,20,2,3,3
23,20,3,4,4
23,20,4,5,5
23,20,5,6,6
23,20,6,7,7
23,20,7,9,9
23,20,8,13,13
23,21,2,3,3
23,21,3,4,4
23,21,4,5,5
23,21,5,6,6
23,21,6,7,7
23,21,7,8,8
23,21,8,9,9
23,22,2,3,3
23,22,3,4,4
23,22,4,5,5
23,22,5,6,6
23,22,6,7,7
23,22,7,8,8
23,22,8,9,9
24,3,2,96,96
24,4,2,48,48
24,4,3,510,510
24,5,2,30,30
24,5,3,231,222
24,5,4,2237,2237
24,6,2,22,21
24,6,3,116,112
24,6,4,784,720
24,6,5,7084,7084
24,7,2,17,17
24,7,3,76,69
24,7,4,357,357
24,7,5,2576,2143
24,7,6,22350,20359
24,8,2,12,12
24,8,3,50,45
24,8,4,226,189
24,8,5,759,759
24,8,6,6045,5313
24,8,7,48576,43263
24,9,2,11,11
24,9,3,35,32
24,9,4,122,102
24,9,5,601,416
24,9,6,2476,1787
24,9,7,12144,10459
24,9,8,110293,86696
24,10,2,8,8
24,10,3,24,24
24,10,4,87,70
24,10,5,285,221
24,10,6,1412,812
24,10,7,5495,3240
24,10,8,30030,17408
24,11,2,7,7
24,11,3,20,18
24,11,4,57,46
24,11,5,194,138
24,11,6,662,398
24,11,7,2633,1392
24,11,8,9296,5291
24,12,2,6,6
24,12,3,14,14
24,12,4,31,30
24,12,5,86,72
24,12,6,266,198
24,12,7,1012,612
24,12,8,3542,1786
24,13,2,6,6
24,13,3,13,12
24,13,4,28,24
24,13,5,66,50
24,13,6,171,115
24,13,7,523,301
24,13,8,1510,807
24,14,2,5,5
24,14,3,11,9
24,14,4,23,19
24,14,5,49,35
24,14,6,107,74
24,14,7,252,153
24,14,8,592,347
24,15,2,4,4
24,15,3,8,8
24,15,4,18,15
24,15,5,36,24
24,15,6,78,52
24,15,7,164,90
24,15,8,334,191
24,16,2,3,3
24,16,3,6,6
24,16,4,12,11
24,16,5,24,20
24,16,6,49,35
24,16,7,84,56
24,16,8,174,93
24,17,2,3,3
24,17,3,6,6
24,17,4,10,10
24,17,5,18,15
24,17,6,32,23
24,17,7,58,37
24,17,8,113,64
24,18,2,3,3
24,18,3,4,4
24,18,4,7,7
24,18,5,12,11
24,18,6,20,18
24,18,7,30,24
24,18,8,49,38
24,19,2,3,3
24,19,3,4,4
24,19,4,6,6
24,19,5,9,9
24,19,6,14,13
24,19,7,21,19
24,19,8,29,27
24,20,2,3,3
24,20,3,4,4
24,20,4,5,5
24,20,5,6,6
24,20,6,9,9
24,20,7,12,12
24,20,8,18,17
24,21,2,3,3
24,21,3,4,4
24,21,4,5,5
24,21,5,6,6
24,21,6,7,7
24,21,7,8,8
24,21,8,12,12
24,22,2,3,3
24,22,3,4,4
24,22,4,5,5
24,22,5,6,6
24,22,6,7,7
24,22,7,8,8
24,22,8,9,9
24,23,2,3,3
24,23,3,4,4
24,23,4,5,5
24,23,5,6,6
24,23,6,7,7
24,23,7,8,8
24,23,8,9,9
25,3,2,100,100
25,4,2,50,50
25,4,3,600,600
25,5,2,30,30
25,5,3,256,240
25,5,4,2622,2550
25,6,2,23,23
25,6,3,130,125
25,6,4,992,925
25,6,5,9321,9321
25,7,2,18,18
25,7,3,83,75
25,7,4,440,400
25,7,5,2952,2572
25,7,6,28416,25300
25,8,2,13,13
25,8,3,57,54
25,8,4,263,216
25,8,5,1116,1116
25,8,6,8598,6697
25,8,7,70924,63622
25,9,2,11,11
25,9,3,38,34
25,9,4,162,125
25,9,5,703,525
25,9,6,3041,2112
25,9,7,18189,14759
25,9,8,152582,120175
25,10,2,10,10
25,10,3,30,28
25,10,4,97,80
25,10,5,379,255
25,10,6,1778,1040
25,10,7,7675,4468
25,10,8,39468,26148
25,11,2,7,7
25,11,3,23,19
25,11,4,66,55
25,11,5,231,160
25,11,6,868,503
25,11,7,3758,1846
25,11,8,13936,7364
25,12,2,7,7
25,12,3,17,15
25,12,4,47,38
25,12,5,133,96
25,12,6,455,288
25,12,7,1559,830
25,12,8,6015,2900
25,13,2,6,6
25,13,3,14,13
25,13,4,30,28
25,13,5,73,58
25,13,6,229,139
25,13,7,709,381
25,13,8,2354,1178
25,14,2,5,5
25,14,3,12,11
25,14,4,26,22
25,14,5,56,43
25,14,6,129,90
25,14,7,377,206
25,14,8,1091,538
25,15,2,4,4
25,15,3,10,9
25,15,4,21,15
25,15,5,44,32
25,15,6,99,59
25,15,7,201,124
25,15,8,482,255
25,16,2,4,4
25,16,3,8,8
25,16,4,17,13
25,16,5,32,24
25,16,6,70,38
25,16,7,144,82
25,16,8,284,141
25,17,2,3,3
25,17,3,6,6
25,17,4,11,10
25,17,5,20,17
25,17,6,39,30
25,17,7,81,52
25,17,8,150,83
25,18,2,3,3
25,18,3,5,5
25,18,4,9,9
25,18,5,16,14
25,18,6,26,21
25,18,7,47,32
25,18,8,91,52
25,19,2,3,3
25,19,3,4,4
25,19,4,7,7
25,19,5,11,11
25,19,6,18,15
25,19,7,28,24
25,19,8,44,32
25,20,2,3,3
25,20,3,4,4
25,20,4,5,5
25,20,5,9,9
25,20,6,13,13
25,20,7,19,17
25,20,8,27,24
25,21,2,3,3
25,21,3,4,4
25,21,4,5,5
25,21,5,6,6
25,21,6,9,9
25,21,7,12,12
25,21,8,16,16
25,22,2,3,3
25,22,3,4,4
25,22,4,5,5
25,22,5,6,6
25,22,6,7,7
25,22,7,8,8
25,22,8,11,11
25,23,2,3,3
25,23,3,4,4
25,23,4,5,5
25,23,5,6,6
25,23,6,7,7
25,23,7,8,8
25,23,8,9,9
25,24,2,3,3
25,24,3,4,4
25,24,4,5,5
25,24,5,6,6
25,24,6,7,7
25,24,7,8,8
25,24,8,9,9
26,3,2,113,113
26,4,2,59,59
26,4,3,650,650
26,5,2,37,37
26,5,3,260,260
26,5,4,3215,3120
26,6,2,24,24
26,6,3,130,130
26,6,4,1152,1040
26,6,5,11570,11050
26,7,2,19,19
26,7,3,94,86
26,7,4,551,465
26,7,5,3925,3436
26,7,6,37701,34621
26,8,2,13,13
26,8,3,64,59
26,8,4,297,244
26,8,5,1452,1300
26,8,6,10520,8359
26,8,7,97223,82225
26,9,2,12,12
26,9,3,39,38
26,9,4,188,156
26,9,5,819,624
26,9,6,4010,3224
26,9,7,26532,19347
26,10,2,10,10
26,10,3,33,29
26,10,4,118,89
26,10,5,490,325
26,10,6,2040,1365
26,10,7,10358,5492
26,10,8,57235,38374
26,11,2,8,8
26,11,3,26,24
26,11,4,82,67
26,11,5,268,190
26,11,6,1217,603
26,11,7,5030,2459
26,11,8,21341,10561
26,12,2,7,7
26,12,3,18,17
26,12,4,51,42
26,12,5,173,120
26,12,6,549,347
26,12,7,2292,1090
26,12,8,9033,4000
26,13,2,6,6
26,13,3,15,14
26,13,4,37,30
26,13,5,102,76
26,13,6,343,192
26,13,7,1076,576
26,13,8,3701,1660
26,14,2,6,6
26,14,3,13,12
26,14,4,28,25
26,14,5,60,52
26,14,6,151,108
26,14,7,511,259
26,14,8,1599,708
26,15,2,5,5
26,15,3,11,9
26,15,4,24,20
26,15,5,52,39
26,15,6,111,75
26,15,7,272,156
26,15,8,821,358
26,16,2,4,4
26,16,3,9,9
26,16,4,18,15
26,16,5,41,25
26,16,6,80,52
26,16,7,174,96
26,16,8,372,202
26,17,2,4,4
26,17,3,7,7
26,17,4,15,13
26,17,5,26,20
26,17,6,60,37
26,17,7,125,59
26,17,8,249,126
26,18,2,3,3
26,18,3,6,6
26,18,4,10,10
26,18,5,19,15
26,18,6,34,25
26,18,7,68,44
26,18,8,132,76
26,19,2,3,3
26,19,3,5,5
26,19,4,9,9
26,19,5,14,13
26,19,6,24,20
26,19,7,41,29
26,19,8,73,44
26,20,2,3,3
26,20,3,4,4
26,20,4,7,7
26,20,5,10,10
26,20,6,16,15
26,20,7,26,20
26,20,8,39,32
26,21,2,3,3
26,21,3,4,4
26,21,4,5,5
26,21,5,8,8
26,21,6,12,12
26,21,7,18,17
26,21,8,25,22
26,22,2,3,3
26,22,3,4,4
26,22,4,5,5
26,22,5,6,6
26,22,6,8,8
26,22,7,11,11
26,22,8,15,15
26,23,2,3,3
26,23,3,4,4
26,23,4,5,5
26,23,5,6,6
26,23,6,7,7
26,23,7,8,8
26,23,8,10,10
26,24,2,3,3
26,24,3,4,4
26,24,4,5,5
26,24,5,6,6
26,24,6,7,7
26,24,7,8,8
26,24,8,9,9
27,3,2,117,117
27,4,2,61,61
27,4,3,763,763
27,5,2,38,38
27,5,3,319,319
27,5,4,3551,3510
27,6,2,27,27
27,6,3,167,167
27,6,4,1170,1170
27,6,5,14693,14040
27,7,2,20,20
27,7,3,104,93
27,7,4,635,502
27,7,5,4614,4012
27,7,6,48856,42622
27,8,2,17,16
27,8,3,69,65
27,8,4,350,291
27,8,5,1961,1570
27,8,6,14380,11597
27,8,7,134853,116846
27,9,2,12,12
27,9,3,39,39
27,9,4,215,177
27,9,5,957,732
27,9,6,5323,3900
27,9,7,35865,25077
27,10,2,11,11
27,10,3,35,33
27,10,4,129,103
27,10,5,608,422
27,10,6,2563,1685
27,10,7,14093,8705
27,10,8,82882,52237
27,11,2,9,9
27,11,3,27,25
27,11,4,95,72
27,11,5,354,219
27,11,6,1415,799
27,11,7,6521,3351
27,11,8,30134,13481
27,12,2,7,7
27,12,3,22,18
27,12,4,63,54
27,12,5,208,151
27,12,6,763,428
27,12,7,3123,1357
27,12,8,13555,5533
27,13,2,7,7
27,13,3,15,15
27,13,4,42,36
27,13,5,125,88
27,13,6,443,250
27,13,7,1497,721
27,13,8,5492,2264
27,14,2,6,6
27,14,3,14,13
27,14,4,31,27
27,14,5,76,58
27,14,6,248,147
27,14,7,807,371
27,14,8,2425,1111
27,15,2,5,5
27,15,3,11,11
27,15,4,26,22
27,15,5,57,45
27,15,6,126,94
27,15,7,380,195
27,15,8,1181,467
27,16,2,5,5
27,16,3,10,9
27,16,4,22,16
27,16,5,46,34
27,16,6,101,66
27,16,7,233,127
27,16,8,586,264
27,17,2,4,4
27,17,3,9,9
27,17,4,18,15
27,17,5,36,24
27,17,6,75,40
27,17,7,144,83
27,17,8,314,153
27,18,2,3,3
27,18,3,7,7
27,18,4,12,11
27,18,5,25,20
27,18,6,39,30
27,18,7,102,56
27,18,8,212,89
27,19,2,3,3
27,19,3,6,6
27,19,4,10,10
27,19,5,17,15
27,19,6,27,22
27,19,7,49,36
27,19,8,113,63
27,20,2,3,3
27,20,3,5,5
27,20,4,8,8
27,20,5,13,13
27,20,6,22,18
27,20,7,36,27
27,20,8,59,40
27,21,2,3,3
27,21,3,4,4
27,21,4,6,6
27,21,5,9,9
27,21,6,15,13
27,21,7,24,20
27,21,8,35,26
27,22,2,3,3
27,22,3,4,4
27,22,4,5,5
27,22,5,8,8
27,22,6,12,12
27,22,7,16,15
27,22,8,23,21
27,23,2,3,3
27,23,3,4,4
27,23,4,5,5
27,23,5,6,6
27,23,6,8,8
27,23,7,11,11
27,23,8,14,14
27,24,2,3,3
27,24,3,4,4
27,24,4,5,5
27,24,5,6,6
27,24,6,7,7
27,24,7,8,8
27,24,8,9,9
28,3,2,131,131
28,4,2,63,63
28,4,3,819,819
28,5,2,40,40
28,5,3,359,342
28,5,4,4303,4273
28,6,2,28,28
28,6,3,185,178
28,6,4,1489,1489
28,6,5,16744,16380
28,7,2,22,21
28,7,3,120,108
28,7,4,793,668
28,7,5,4680,4680
28,7,6,63538,56160
28,8,2,17,17
28,8,3,73,70
28,8,4,426,326
28,8,5,2400,1757
28,8,6,17794,14042
28,8,7,181771,149177
28,9,2,14,14
28,9,3,56,50
28,9,4,261,203
28,9,5,1216,906
28,9,6,7154,4885
28,9,7,50134,36080
28,10,2,11,11
28,10,3,36,34
28,10,4,154,110
28,10,5,738,496
28,10,6,2898,2050
28,10,7,19068,10920
28,10,8,116218,70216
28,11,2,10,10
28,11,3,31,28
28,11,4,104,84
28,11,5,424,263
28,11,6,1847,1075
28,11,7,8847,4290
28,11,8,43736,22159
28,12,2,7,7
28,12,3,24,21
28,12,4,76,59
28,12,5,256,168
28,12,6,946,511
28,12,7,4062,1865
28,12,8,18949,7819
28,13,2,7,7
28,13,3,19,16
28,13,4,54,39
28,13,5,169,117
28,13,6,606,326
28,13,7,2019,922
28,13,8,7688,2923
28,14,2,6,6
28,14,3,15,14
28,14,4,31,30
28,14,5,88,72
28,14,6,322,176
28,14,7,1056,500
28,14,8,3804,1442
28,15,2,6,6
28,15,3,13,12
28,15,4,29,25
28,15,5,62,51
28,15,6,187,109
28,15,7,588,275
28,15,8,1776,693
28,16,2,5,5
28,16,3,11,9
28,16,4,24,20
28,16,5,52,39
28,16,6,114,79
28,16,7,305,165
28,16,8,865,342
28,17,2,4,4
28,17,3,10,9
28,17,4,21,15
28,17,5,44,27
28,17,6,89,56
28,17,7,197,109
28,17,8,448,210
28,18,2,4,4
28,18,3,8,8
28,18,4,16,14
28,18,5,32,24
28,18,6,68,38
28,18,7,128,63
28,18,8,260,130
28,19,2,3,3
28,19,3,6,6
28,19,4,12,11
28,19,5,23,17
28,19,6,39,30
28,19,7,86,45
28,19,8,181,83
28,20,2,3,3
28,20,3,5,5
28,20,4,9,9
28,20,5,14,14
28,20,6,25,21
28,20,7,42,31
28,20,8,87,51
28,21,2,3,3
28,21,3,4,4
28,21,4,8,8
28,21,5,12,11
28,21,6,20,18
28,21,7,30,24
28,21,8,51,36
28,22,2,3,3
28,22,3,4,4
28,22,4,6,6
28,22,5,9,9
28,22,6,14,13
28,22,7,21,17
28,22,8,33,26
28,23,2,3,3
28,23,3,4,4
28,23,4,5,5
28,23,5,7,7
28,23,6,11,11
28,23,7,15,15
28,23,8,21,19
28,24,2,3,3
28,24,3,4,4
28,24,4,5,5
28,24,5,6,6
28,24,6,7,7
28,24,7,10,10
28,24,8,13,13
29,3,2,136,136
29,4,2,73,73
29,4,3,950,950
29,5,2,43,42
29,5,3,413,366
29,5,4,4955,4751
29,6,2,30,29
29,6,3,217,194
29,6,4,1802,1653
29,6,5,21047,20653
29,7,2,23,22
29,7,3,132,116
29,7,4,880,738
29,7,5,6169,6169
29,7,6,78716,67860
29,8,2,18,18
29,8,3,86,77
29,8,4,504,392
29,8,5,3127,2422
29,8,6,22463,16965
29,9,2,14,14
29,9,3,59,55
29,9,4,293,226
29,9,5,1558,1051
29,9,6,9256,5662
29,9,7,66076,45247
29,10,2,12,12
29,10,3,42,41
29,10,4,186,145
29,10,5,869,589
29,10,6,4064,2628
29,10,7,25791,14167
29,10,8,165841,104632
29,11,2,10,10
29,11,3,33,29
29,11,4,115,90
29,11,5,544,291
29,11,6,2333,1308
29,11,7,11073,5405
29,11,8,60612,28790
29,12,2,9,9
29,12,3,27,25
29,12,4,89,68
29,12,5,295,203
29,12,6,1362,636
29,12,7,5672,2598
29,12,8,27463,10368
29,13,2,7,7
29,13,3,21,17
29,13,4,59,47
29,13,5,218,132
29,13,6,738,375
29,13,7,2372,1141
29,13,8,11413,4161
29,14,2,7,7
29,14,3,15,15
29,14,4,43,34
29,14,5,137,81
29,14,6,417,243
29,14,7,1547,676
29,14,8,5086,1910
29,15,2,6,6
29,15,3,14,14
29,15,4,31,28
29,15,5,67,58
29,15,6,242,140
29,15,7,800,341
29,15,8,2614,967
29,16,2,6,6
29,16,3,12,11
29,16,4,27,22
29,16,5,59,46
29,16,6,145,95
29,16,7,435,198
29,16,8,1359,499
29,17,2,5,5
29,17,3,11,9
29,17,4,23,16
29,17,5,49,35
29,17,6,106,67
29,17,7,231,135
29,17,8,653,282
29,18,2,4,4
29,18,3,9,9
29,18,4,18,15
29,18,5,39,25
29,18,6,80,44
29,18,7,168,91
29,18,8,370,176
29,19,2,4,4
29,19,3,7,7
29,19,4,15,13
29,19,5,30,22
29,19,6,60,37
29,19,7,113,58
29,19,8,226,97
29,20,2,3,3
29,20,3,6,6
29,20,4,11,10
29,20,5,21,16
29,20,6,37,25
29,20,7,73,44
29,20,8,154,66
29,21,2,3,3
29,21,3,5,5
29,21,4,9,9
29,21,5,14,13
29,21,6,22,20
29,21,7,40,29
29,21,8,64,43
29,22,2,3,3
29,22,3,4,4
29,22,4,7,7
29,22,5,12,11
29,22,6,18,15
29,22,7,28,24
29,22,8,45,32
29,23,2,3,3
29,23,3,4,4
29,23,4,6,6
29,23,5,9,9
29,23,6,13,13
29,23,7,19,17
29,23,8,30,22
29,24,2,3,3
29,24,3,4,4
29,24,4,5,5
29,24,5,7,7
29,24,6,10,10
29,24,7,15,14
29,24,8,20,19
30,3,2,150,150
30,4,2,75,75
30,4,3,1020,1020
30,5,2,48,48
30,5,3,459,438
30,5,4,5894,5700
30,6,2,31,31
30,6,3,225,210
30,6,4,2171,1830
30,6,5,25015,23755
30,7,2,25,24
30,7,3,142,125
30,7,4,1067,832
30,7,5,7780,7085
30,7,6,99705,88513
30,8,2,19,19
30,8,3,93,83
30,8,4,559,435
30,8,5,3763,2768
30,8,6,28599,23134
30,9,2,15,15
30,9,3,66,60
30,9,4,345,257
30,9,5,1984,1307
30,9,6,11826,8074
30,9,7,88420,56550
30,10,2,13,13
30,10,3,46,42
30,10,4,209,165
30,10,5,1096,678
30,10,6,5284,3153
30,10,7,32977,16986
30,11,2,11,11
30,11,3,37,33
30,11,4,133,112
30,11,5,634,396
30,11,6,2879,1607
30,11,7,14815,7168
30,11,8,85697,38638
30,12,2,9,9
30,12,3,30,25
30,12,4,96,73
30,12,5,349,225
30,12,6,1660,728
30,12,7,6847,3270
30,12,8,33495,13513
30,13,2,8,8
30,13,3,24,21
30,13,4,73,58
30,13,5,252,157
30,13,6,979,469
30,13,7,3627,1468
30,13,8,16376,5996
30,14,2,7,7
30,14,3,15,15
30,14,4,48,37
30,14,5,162,101
30,14,6,572,283
30,14,7,1805,804
30,14,8,7323,2445
30,15,2,6,6
30,15,3,15,14
30,15,4,31,30
30,15,5,94,68
30,15,6,330,162
30,15,7,1062,486
30,15,8,3534,1352
30,16,2,6,6
30,16,3,13,12
30,16,4,29,27
30,16,5,62,53
30,16,6,176,109
30,16,7,610,263
30,16,8,1801,640
30,17,2,5,5
30,17,3,11,11
30,17,4,26,21
30,17,5,56,39
30,17,6,121,82
30,17,7,340,168
30,17,8,1017,350
30,18,2,4,4
30,18,3,10,9
30,18,4,20,15
30,18,5,42,27
30,18,6,90,59
30,18,7,200,112
30,18,8,536,225
30,19,2,4,4
30,19,3,8,8
30,19,4,17,15
30,19,5,37,24
30,19,6,73,40
30,19,7,149,70
30,19,8,311,144
30,20,2,3,3
30,20,3,6,6
30,20,4,13,11
30,20,5,26,20
30,20,6,51,33
30,20,7,96,56
30,20,8,200,87
30,21,2,3,3
30,21,3,6,6
30,21,4,10,10
30,21,5,20,15
30,21,6,31,24
30,21,7,62,36
30,21,8,119,63
30,22,2,3,3
30,22,3,5,5
30,22,4,8,8
30,22,5,13,13
30,22,6,21,18
30,22,7,30,28
30,22,8,55,40
30,23,2,3,3
30,23,3,4,4
30,23,4,7,7
30,23,5,11,10
30,23,6,17,15
30,23,7,26,20
30,23,8,41,32
30,24,2,3,3
30,24,3,4,4
30,24,4,5,5
30,24,5,8,8
30,24,6,12,12
30,24,7,18,17
30,24,8,27,22
31,3,2,155,155
31,4,2,78,78
31,4,3,1165,1163
31,5,2,50,50
31,5,3,504,465
31,5,4,6503,6324
31,6,2,31,31
31,6,3,273,248
31,6,4,2565,2263
31,6,5,30848,29450
31,7,2,26,26
31,7,3,153,138
31,7,4,1122,930
31,7,5,9927,8105
31,7,6,123681,105201
31,8,2,20,20
31,8,3,104,93
31,8,4,615,485
31,8,5,4502,3224
31,8,6,36091,27455
31,9,2,17,16
31,9,3,73,66
31,9,4,385,286
31,9,5,2350,1499
31,9,6,15244,9535
31,9,7,115291,79684
31,10,2,13,13
31,10,3,48,47
31,10,4,255,186
31,10,5,1335,797
31,10,6,6761,4052
31,10,7,44580,25030
31,11,2,12,12
31,11,3,39,37
31,11,4,153,119
31,11,5,783,465
31,11,6,3658,1911
31,11,7,17967,8886
31,11,8,114406,47870
31,12,2,10,10
31,12,3,32,29
31,12,4,111,86
31,12,5,429,290
31,12,6,2060,1023
31,12,7,9650,4152
31,12,8,47802,18518
31,13,2,8,8
31,13,3,26,22
31,13,4,80,60
31,13,5,287,175
31,13,6,1233,537
31,13,7,4660,1736
31,13,8,21851,7798
31,14,2,7,7
31,14,3,21,18
31,14,4,60,47
31,14,5,189,129
31,14,6,706,348
31,14,7,2623,1039
31,14,8,10243,3251
31,15,2,7,7
31,15,3,15,15
31,15,4,31,31
31,15,5,123,77
31,15,6,442,209
31,15,7,1307,585
31,15,8,4343,1662
31,16,2,6,6
31,16,3,14,14
31,16,4,30,28
31,16,5,62,59
31,16,6,262,132
31,16,7,814,314
31,16,8,2628,942
31,17,2,6,6
31,17,3,12,11
31,17,4,28,22
31,17,5,59,50
31,17,6,133,97
31,17,7,464,201
31,17,8,1428,480
31,18,2,5,5
31,18,3,11,9
31,18,4,24,19
31,18,5,52,37
31,18,6,110,68
31,18,7,261,142
31,18,8,778,290
31,19,2,4,4
31,19,3,9,9
31,19,4,19,15
31,19,5,40,25
31,19,6,84,45
31,19,7,171,97
31,19,8,406,183
31,20,2,4,4
31,20,3,8,8
31,20,4,16,13
31,20,5,32,24
31,20,6,68,38
31,20,7,131,62
31,20,8,275,109
31,21,2,3,3
31,21,3,6,6
31,21,4,12,10
31,21,5,23,17
31,21,6,45,30
31,21,7,90,49
31,21,8,173,83
31,22,2,3,3
31,22,3,6,6
31,22,4,10,10
31,22,5,18,15
31,22,6,29,22
31,22,7,51,34
31,22,8,96,51
31,23,2,3,3
31,23,3,5,5
31,23,4,8,8
31,23,5,13,11
31,23,6,20,18
31,23,7,29,25
31,23,8,45,38
31,24,2,3,3
31,24,3,4,4
31,24,4,7,7
31,24,5,11,10
31,24,6,17,15
31,24,7,24,20
31,24,8,38,26
32,3,2,171,171
32,4,2,88,88
32,4,3,1240,1240
32,5,2,52,52
32,5,3,568,500
32,5,4,7635,7444
32,6,2,38,38
32,6,3,300,267
32,6,4,2809,2480
32,6,5,35216,33728
32,7,2,28,28
32,7,3,165,143
32,7,4,1387,1135
32,7,5,12274,10346
32,7,6,154453,134629
32,8,2,20,20
32,8,3,106,104
32,8,4,620,552
32,8,5,4652,3720
32,8,6,45890,32420
32,9,2,18,17
32,9,3,77,72
32,9,4,428,331
32,9,5,2650,1725
32,9,6,19046,11464
32,9,7,150678,97618
32,10,2,14,14
32,10,3,60,52
32,10,4,297,212
32,10,5,1624,916
32,10,6,8967,4797
32,10,7,57847,30512
32,11,2,12,12
32,11,3,40,38
32,11,4,176,137
32,11,5,972,542
32,11,6,4831,2319
32,11,7,24355,11788
32,11,8,157895,72815
32,12,2,10,10
32,12,3,32,32
32,12,4,123,99
32,12,5,543,318
32,12,6,2692,1240
32,12,7,11973,5096
32,12,8,48939,23696
32,13,2,9,9
32,13,3,29,25
32,13,4,96,72
32,13,5,342,212
32,13,6,1582,714
32,13,7,5858,2519
32,13,8,30164,10221
32,14,2,7,7
32,14,3,22,19
32,14,4,67,51
32,14,5,239,138
32,14,6,912,400
32,14,7,3315,1228
32,14,8,13666,3968
32,15,2,7,7
32,15,3,18,15
32,15,4,49,39
32,15,5,154,101
32,15,6,534,276
32,15,7,1922,743
32,15,8,6892,2217
32,16,2,6,6
32,16,3,14,14
32,16,4,30,30
32,16,5,62,62
32,16,6,286,154
32,16,7,1020,418
32,16,8,3302,1170
32,17,2,6,6
32,17,3,14,12
32,17,4,29,27
32,17,5,62,53
32,17,6,192,112
32,17,7,625,249
32,17,8,1867,592
32,18,2,5,5
32,18,3,11,11
32,18,4,26,21
32,18,5,56,40
32,18,6,119,89
32,18,7,369,173
32,18,8,1092,358
32,19,2,5,5
32,19,3,11,9
32,19,4,22,16
32,19,5,47,32
32,19,6,100,63
32,19,7,225,115
32,19,8,608,240
32,20,2,4,4
32,20,3,8,8
32,20,4,18,15
32,20,5,34,24
32,20,6,76,40
32,20,7,156,72
32,20,8,350,156
32,21,2,4,4
32,21,3,7,7
32,21,4,15,13
32,21,5,30,20
32,21,6,61,37
32,21,7,119,58
32,21,8,226,95
32,22,2,3,3
32,22,3,6,6
32,22,4,11,10
32,22,5,20,15
32,22,6,39,25
32,22,7,74,44
32,22,8,150,72
32,23,2,3,3
32,23,3,5,5
32,23,4,9,9
32,23,5,16,14
32,23,6,27,21
32,23,7,45,31
32,23,8,81,48
32,24,2,3,3
32,24,3,4,4
32,24,4,7,7
32,24,5,12,11
32,24,6,19,15
32,24,7,28,24
32,24,8,43,34
33,3,2,176,176
33,4,2,91,91
33,4,3,1411,1411
33,5,2,55,54
33,5,3,627,582
33,5,4,8472,8184
33,6,2,39,39
33,6,3,333,286
33,6,4,3310,2750
33,6,5,42805,40942
33,7,2,30,29
33,7,3,191,180
33,7,4,1624,1259
33,7,5,14954,11692
33,8,2,24,22
33,8,3,127,116
33,8,4,785,590
33,8,5,6038,4682
33,8,6,57542,42678
33,9,2,18,18
33,9,3,80,74
33,9,4,461,382
33,9,5,3251,2024
33,9,6,23348,13640
33,10,2,15,14
33,10,3,66,57
33,10,4,349,238
33,10,5,1935,1093
33,10,6,11213,5693
33,10,7,75738,37832
33,11,2,13,13
33,11,3,46,42
33,11,4,223,156
33,11,5,1147,636
33,11,6,5917,2748
33,11,7,32167,14391
33,12,2,11,11
33,12,3,37,33
33,12,4,143,105
33,12,5,667,377
33,12,6,3197,1491
33,12,7,16090,6378
33,12,8,72040,32417
33,13,2,10,10
33,13,3,31,26
33,13,4,103,82
33,13,5,436,252
33,13,6,1990,808
33,13,7,8235,3148
33,13,8,39300,12936
33,14,2,8,8
33,14,3,26,22
33,14,4,79,59
33,14,5,274,170
33,14,6,1123,500
33,14,7,4504,1683
33,14,8,18177,5938
33,15,2,7,7
33,15,3,20,17
33,15,4,57,42
33,15,5,180,113
33,15,6,676,304
33,15,7,2495,880
33,15,8,8931,2702
33,16,2,7,7
33,16,3,16,15
33,16,4,39,32
33,16,5,111,81
33,16,6,416,209
33,16,7,1390,570
33,16,8,5211,1533
33,17,2,6,6
33,17,3,14,14
33,17,4,30,28
33,17,5,62,59
33,17,6,224,124
33,17,7,849,300
33,17,8,2691,812
33,18,2,6,6
33,18,3,11,11
33,18,4,28,22
33,18,5,61,50
33,18,6,161,98
33,18,7,520,206
33,18,8,1564,457
33,19,2,5,5
33,19,3,11,9
33,19,4,25,20
33,19,5,51,37
33,19,6,112,70
33,19,7,302,155
33,19,8,860,301
33,20,2,4,4
33,20,3,10,9
33,20,4,22,15
33,20,5,43,27
33,20,6,87,53
33,20,7,216,104
33,20,8,525,190
33,21,2,4,4
33,21,3,8,8
33,21,4,17,13
33,21,5,34,24
33,21,6,71,38
33,21,7,143,63
33,21,8,295,114
33,22,2,3,3
33,22,3,7,7
33,22,4,14,11
33,22,5,27,20
33,22,6,52,31
33,22,7,99,56
33,22,8,204,87
33,23,2,3,3
33,23,3,6,6
33,23,4,10,10
33,23,5,19,15
33,23,6,34,22
33,23,7,62,36
33,23,8,121,64
33,24,2,3,3
33,24,3,5,5
33,24,4,9,9
33,24,5,15,13
33,24,6,25,20
33,24,7,41,30
33,24,8,69,43
34,3,2,193,193
34,4,2,94,94
34,4,3,1496,1496
34,5,2,62,62
34,5,3,689,619
34,5,4,9870,9595
34,6,2,40,40
34,6,3,364,306
34,6,4,3855,3298
34,6,5,50835,46376
34,7,2,31,30
34,7,3,209,190
34,7,4,1949,1390
34,7,5,18163,13358
34,8,2,25,23
34,8,3,139,124
34,8,4,920,765
34,8,5,7391,5351
34,8,6,72225,49691
34,9,2,19,19
34,9,3,95,84
34,9,4,565,439
34,9,5,3999,2229
34,9,6,29367,17688
34,10,2,16,15
34,10,3,68,62
34,10,4,383,252
34,10,5,2219,1299
34,10,6,13614,6882
34,10,7,96282,46376
34,11,2,13,13
34,11,3,51,44
34,11,4,249,177
34,11,5,1378,736
34,11,6,7387,3379
34,11,7,41800,17597
34,12,2,12,12
34,12,3,39,37
34,12,4,157,119
34,12,5,807,442
34,12,6,4136,1802
34,12,7,20823,7786
34,12,8,101015,40775
34,13,2,10,10
34,13,3,33,29
34,13,4,112,87
34,13,5,510,275
34,13,6,2502,986
34,13,7,10646,3900
34,13,8,51739,16681
34,14,2,9,9
34,14,3,27,25
34,14,4,90,64
34,14,5,341,200
34,14,6,1437,612
34,14,7,5926,1963
34,14,8,25005,7646
34,15,2,7,7
34,15,3,23,19
34,15,4,63,50
34,15,5,222,134
34,15,6,863,386
34,15,7,3337,1134
34,15,8,12564,3815
34,16,2,7,7
34,16,3,17,15
34,16,4,45,37
34,16,5,129,90
34,16,6,517,241
34,16,7,1926,646
34,16,8,6613,1870
34,17,2,6,6
34,17,3,15,14
34,17,4,34,30
34,17,5,80,64
34,17,6,318,162
34,17,7,1152,418
34,17,8,3610,1140
34,18,2,6,6
34,18,3,13,12
34,18,4,28,27
34,18,5,62,53
34,18,6,178,112
34,18,7,652,235
34,18,8,2064,567
34,19,2,5,5
34,19,3,11,11
34,19,4,27,21
34,19,5,58,40
34,19,6,144,90
34,19,7,413,176
34,19,8,1210,369
34,20,2,5,5
34,20,3,11,9
34,20,4,23,16
34,20,5,45,34
34,20,6,102,63
34,20,7,263,119
34,20,8,713,264
34,21,2,4,4
34,21,3,9,9
34,21,4,20,15
34,21,5,40,25
34,21,6,81,44
34,21,7,183,86
34,21,8,432,169
34,22,2,4,4
34,22,3,7,7
34,22,4,15,13
34,22,5,30,21
34,22,6,58,38
34,22,7,119,59
34,22,8,255,98
34,23,2,3,3
34,23,3,6,6
34,23,4,12,11
34,23,5,24,17
34,23,6,46,30
34,23,7,88,46
34,23,8,176,83
34,24,2,3,3
34,24,3,6,6
34,24,4,10,10
34,24,5,17,15
34,24,6,30,22
34,24,7,54,32
34,24,8,103,51
35,3,2,199,199
35,4,2,105,105
35,4,3,1689,1689
35,5,2,63,63
35,5,3,733,658
35,5,4,10472,10472
35,6,2,42,41
35,6,3,405,362
35,6,4,4419,3611
35,6,5,59410,55971
35,7,2,32,31
35,7,3,233,200
35,7,4,2176,1530
35,7,5,20558,16490
35,8,2,26,24
35,8,3,149,132
35,8,4,1116,832
35,8,5,9287,6082
35,8,6,89795,58442
35,9,2,20,20
35,9,3,103,90
35,9,4,628,483
35,9,5,4774,2975
35,9,6,35785,20810
35,10,2,17,17
35,10,3,77,67
35,10,4,444,294
35,10,5,2542,1537
35,10,6,16632,7802
35,10,7,117868,61908
35,11,2,13,13
35,11,3,56,48
35,11,4,280,198
35,11,5,1581,802
35,11,6,9055,4134
35,11,7,53905,21898
35,12,2,12,12
35,12,3,40,38
35,12,4,173,129
35,12,5,966,517
35,12,6,5032,2147
35,12,7,25487,9856
35,12,8,137657,51325
35,13,2,11,11
35,13,3,36,33
35,13,4,132,100
35,13,5,627,321
35,13,6,3121,1190
35,13,7,13782,4852
35,13,8,65637,20963
35,14,2,10,10
35,14,3,30,25
35,14,4,100,73
35,14,5,411,218
35,14,6,1771,688
35,14,7,7697,2465
35,14,8,32422,9750
35,15,2,7,7
35,15,3,25,21
35,15,4,70,59
35,15,5,274,150
35,15,6,1012,467
35,15,7,4414,1428
35,15,8,16579,4581
35,16,2,7,7
35,16,3,20,17
35,16,4,57,42
35,16,5,158,110
35,16,6,628,294
35,16,7,2462,845
35,16,8,9157,2481
35,17,2,7,7
35,17,3,15,15
35,17,4,38,32
35,17,5,109,77
35,17,6,378,186
35,17,7,1487,497
35,17,8,4707,1330
35,18,2,6,6
35,18,3,14,14
35,18,4,32,28
35,18,5,69,59
35,18,6,250,125
35,18,7,863,315
35,18,8,2648,813
35,19,2,6,6
35,19,3,13,12
35,19,4,28,23
35,19,5,61,50
35,19,6,161,98
35,19,7,509,207
35,19,8,1595,433
35,20,2,5,5
35,20,3,11,9
35,20,4,26,20
35,20,5,54,37
35,20,6,119,70
35,20,7,346,158
35,20,8,970,308
35,21,2,4,4
35,21,3,10,9
35,21,4,21,15
35,21,5,43,27
35,21,6,87,57
35,21,7,221,105
35,21,8,571,199
35,22,2,4,4
35,22,3,9,9
35,22,4,19,15
35,22,5,38,24
35,22,6,76,40
35,22,7,151,70
35,22,8,357,137
35,23,2,4,4
35,23,3,7,7
35,23,4,14,11
35,23,5,28,20
35,23,6,55,32
35,23,7,113,58
35,23,8,216,90
35,24,2,3,3
35,24,3,6,6
35,24,4,11,10
35,24,5,22,17
35,24,6,40,25
35,24,7,77,44
35,24,8,149,68
36,3,2,216,216
36,4,2,108,108
36,4,3,1791,1791
36,5,2,66,65
36,5,3,821,756
36,5,4,12161,12161
36,6,2,47,42
36,6,3,420,378
36,6,4,4632,3948
36,6,5,62832,62832
36,7,2,33,32
36,7,3,256,211
36,7,4,2510,1862
36,7,5,24397,18571
36,8,2,27,25
36,8,3,162,140
36,8,4,1284,900
36,8,5,11072,6885
36,8,6,109097,74205
36,9,2,21,20
36,9,3,112,96
36,9,4,680,528
36,9,5,5682,3328
36,9,6,44760,24328
36,10,2,18,17
36,10,3,81,72
36,10,4,510,324
36,10,5,2927,1739
36,10,6,20862,10710
36,10,7,151984,74916
36,11,2,15,14
36,11,3,65,56
36,11,4,334,220
36,11,5,1874,963
36,11,6,11309,5031
36,11,7,63586,25534
36,12,2,12,12
36,12,3,40,39
36,12,4,180,144
36,12,5,1126,594
36,12,6,6277,2406
36,12,7,30414,12402
36,13,2,11,11
36,13,3,37,34
36,13,4,147,106
36,13,5,743,358
36,13,6,3615,1432
36,13,7,16889,5946
36,13,8,83214,27294
36,14,2,10,10
36,14,3,33,29
36,14,4,108,85
36,14,5,494,258
36,14,6,2139,826
36,14,7,9136,3060
36,14,8,42136,12477
36,15,2,9,9
36,15,3,27,24
36,15,4,77,60
36,15,5,322,176
36,15,6,1338,524
36,15,7,5635,1652
36,15,8,21675,5916
36,16,2,7,7
36,16,3,21,18
36,16,4,62,48
36,16,5,185,133
36,16,6,829,338
36,16,7,3349,1051
36,16,8,11523,3213
36,17,2,7,7
36,17,3,17,15
36,17,4,48,36
36,17,5,138,89
36,17,6,494,233
36,17,7,1906,623
36,17,8,6721,1790
36,18,2,6,6
36,18,3,15,14
36,18,4,33,30
36,18,5,86,64
36,18,6,267,154
36,18,7,1056,372
36,18,8,3768,994
36,19,2,6,6
36,19,3,14,12
36,19,4,30,27
36,19,5,65,54
36,19,6,219,112
36,19,7,688,237
36,19,8,2200,597
36,20,2,5,5
36,20,3,12,11
36,20,4,26,22
36,20,5,54,42
36,20,6,138,90
36,20,7,439,177
36,20,8,1334,373
36,21,2,5,5
36,21,3,11,9
36,21,4,24,16
36,21,5,50,35
36,21,6,107,64
36,21,7,298,120
36,21,8,798,271
36,22,2,4,4
36,22,3,10,9
36,22,4,19,15
36,22,5,40,26
36,22,6,83,45
36,22,7,183,94
36,22,8,503,172
36,23,2,4,4
36,23,3,8,8
36,23,4,18,15
36,23,5,36,24
36,23,6,72,38
36,23,7,139,63
36,23,8,306,110
36,24,2,3,3
36,24,3,6,6
36,24,4,12,11
36,24,5,24,17
36,24,6,48,31
36,24,7,87,48
36,24,8,199,87
37,3,2,222,222
37,4,2,111,111
37,4,3,2001,1998
37,5,2,68,67
37,5,3,886,800
37,5,4,13707,13254
37,6,2,50,50
37,6,3,473,401
37,6,4,5451,4662
37,6,5,74993,74993
37,7,2,35,33
37,7,3,286,222
37,7,4,2806,1998
37,7,5,27258,20868
37,8,2,28,28
37,8,3,177,148
37,8,4,1483,976
37,8,5,13360,8612
37,8,6,133072,85891
37,9,2,21,21
37,9,3,122,103
37,9,4,744,576
37,9,5,6776,3700
37,9,6,54502,28305
37,10,2,19,18
37,10,3,85,74
37,10,4,557,356
37,10,5,3346,1954
37,10,6,25370,12314
37,11,2,16,14
37,11,3,69,58
37,11,4,379,243
37,11,5,2175,1090
37,11,6,12934,5850
37,11,7,77344,36025
37,12,2,13,13
37,12,3,51,44
37,12,4,239,173
37,12,5,1367,679
37,12,6,7247,2970
37,12,7,39583,15513
37,13,2,12,12
37,13,3,39,35
37,13,4,160,111
37,13,5,832,410
37,13,6,4534,1691
37,13,7,21866,6848
37,13,8,104411,35298
37,14,2,11,11
37,14,3,35,30
37,14,4,117,90
37,14,5,578,281
37,14,6,2568,947
37,14,7,11163,3785
37,14,8,52085,15715
37,15,2,9,9
37,15,3,28,25
37,15,4,100,72
37,15,5,378,210
37,15,6,1609,637
37,15,7,7148,2038
37,15,8,26861,7548
37,16,2,8,8
37,16,3,25,21
37,16,4,70,56
37,16,5,238,139
37,16,6,1025,407
37,16,7,4166,1212
37,16,8,14626,3821
37,17,2,7,7
37,17,3,18,16
37,17,4,58,40
37,17,5,165,105
37,17,6,600,290
37,17,7,2474,736
37,17,8,8321,2288
37,18,2,7,7
37,18,3,15,15
37,18,4,40,32
37,18,5,124,74
37,18,6,379,183
37,18,7,1273,479
37,18,8,5018,1281
37,19,2,6,6
37,19,3,14,14
37,19,4,31,28
37,19,5,71,59
37,19,6,266,125
37,19,7,826,300
37,19,8,2775,725
37,20,2,6,6
37,20,3,13,12
37,20,4,29,23
37,20,5,62,50
37,20,6,181,100
37,20,7,580,208
37,20,8,1682,439
37,21,2,5,5
37,21,3,11,9
37,21,4,25,21
37,21,5,54,39
37,21,6,118,74
37,21,7,359,159
37,21,8,1078,312
37,22,2,5,5
37,22,3,11,9
37,22,4,22,16
37,22,5,44,27
37,22,6,91,59
37,22,7,259,108
37,22,8,668,202
37,23,2,4,4
37,23,3,9,8
37,23,4,19,15
37,23,5,38,25
37,23,6,79,42
37,23,7,160,73
37,23,8,400,152
37,24,2,4,4
37,24,3,8,8
37,24,4,16,13
37,24,5,33,24
37,24,6,66,37
37,24,7,128,59
37,24,8,268,98
38,3,2,241,241
38,4,2,124,124
38,4,3,2109,2109
38,5,2,76,76
38,5,3,942,845
38,5,4,15691,15186
38,6,2,51,51
38,6,3,510,425
38,6,4,6080,5067
38,6,5,87153,83942
38,7,2,39,38
38,7,3,309,272
38,7,4,3099,2177
38,7,5,32399,25308
38,8,2,29,29
38,8,3,191,157
38,8,4,1606,1055
38,8,5,15686,9491
38,9,2,25,23
38,9,3,138,119
38,9,4,856,626
38,9,5,8112,4121
38,9,6,66195,36362
38,10,2,19,19
38,10,3,89,80
38,10,4,590,392
38,10,5,3826,2189
38,10,6,30936,14060
38,11,2,17,15
38,11,3,74,63
38,11,4,408,256
38,11,5,2510,1230
38,11,6,15724,6751
38,11,7,99830,42540
38,12,2,13,13
38,12,3,54,45
38,12,4,261,184
38,12,5,1589,770
38,12,6,8917,3452
38,12,7,47457,18525
38,13,2,12,12
38,13,3,40,38
38,13,4,178,129
38,13,5,1022,506
38,13,6,5264,1985
38,13,7,26156,8682
38,14,2,11,11
38,14,3,35,33
38,14,4,136,95
38,14,5,668,302
38,14,6,3143,1113
38,14,7,14230,4590
38,14,8,62993,18588
38,15,2,10,10
38,15,3,32,28
38,15,4,104,76
38,15,5,444,228
38,15,6,1883,712
38,15,7,8085,2400
38,15,8,32519,9589
38,16,2,8,8
38,16,3,27,22
38,16,4,81,60
38,16,5,285,171
38,16,6,1252,499
38,16,7,5326,1513
38,16,8,18490,4841
38,17,2,7,7
38,17,3,22,18
38,17,4,65,47
38,17,5,189,126
38,17,6,705,314
38,17,7,3139,910
38,17,8,10824,2710
38,18,2,7,7
38,18,3,15,15
38,18,4,41,34
38,18,5,131,85
38,18,6,420,222
38,18,7,1732,613
38,18,8,6409,1554
38,19,2,6,6
38,19,3,15,14
38,19,4,33,30
38,19,5,94,64
38,19,6,318,148
38,19,7,1059,366
38,19,8,3521,958
38,20,2,6,6
38,20,3,14,12
38,20,4,30,27
38,20,5,64,54
38,20,6,224,113
38,20,7,702,238
38,20,8,2280,570
38,21,2,6,6
38,21,3,11,11
38,21,4,28,22
38,21,5,61,42
38,21,6,133,91
38,21,7,469,181
38,21,8,1337,377
38,22,2,5,5
38,22,3,11,9
38,22,4,23,16
38,22,5,49,37
38,22,6,100,68
38,22,7,270,128
38,22,8,860,275
38,23,2,4,4
38,23,3,10,9
38,23,4,21,15
38,23,5,42,27
38,23,6,82,45
38,23,7,223,98
38,23,8,562,179
38,24,2,4,4
38,24,3,8,8
38,24,4,17,13
38,24,5,37,24
38,24,6,72,40
38,24,7,147,67
38,24,8,313,116
39,3,2,247,247
39,4,2,127,127
39,4,3,2350,2350
39,5,2,78,78
39,5,3,1004,968
39,5,4,17496,16451
39,6,2,54,52
39,6,3,539,494
39,6,4,6824,5493
39,6,5,102844,98709
39,7,2,39,39
39,7,3,331,285
39,7,4,3398,2368
39,7,5,36848,28231
39,8,2,32,31
39,8,3,218,186
39,8,4,1883,1326
39,8,5,18005,10613
39,9,2,26,24
39,9,3,146,126
39,9,4,938,681
39,9,5,9487,4572
39,9,6,76445,41128
39,10,2,20,20
39,10,3,104,90
39,10,4,629,465
39,10,5,4373,2442
39,10,6,35535,16072
39,11,2,18,17
39,11,3,77,68
39,11,4,462,284
39,11,5,2894,1390
39,11,6,19038,7761
39,11,7,117261,49850
39,12,2,13,13
39,12,3,57,49
39,12,4,292,205
39,12,5,1804,832
39,12,6,10469,3998
39,12,7,56118,21941
39,13,2,13,13
39,13,3,40,39
39,13,4,201,135
39,13,5,1179,552
39,13,6,6284,2310
39,13,7,30601,10356
39,14,2,12,12
39,14,3,38,34
39,14,4,144,106
39,14,5,809,360
39,14,6,3889,1410
39,14,7,16167,5530
39,14,8,82090,24186
39,15,2,10,10
39,15,3,34,29
39,15,4,108,86
39,15,5,499,247
39,15,6,2416,786
39,15,7,9311,2894
39,15,8,38994,11934
39,16,2,9,9
39,16,3,28,25
39,16,4,90,69
39,16,5,330,186
39,16,6,1572,556
39,16,7,5814,1736
39,16,8,23618,5850
39,17,2,7,7
39,17,3,24,19
39,17,4,72,51
39,17,5,235,138
39,17,6,905,393
39,17,7,3878,1145
39,17,8,13821,3471
39,18,2,7,7
39,18,3,19,16
39,18,4,55,39
39,18,5,155,102
39,18,6,538,273
39,18,7,2233,681
39,18,8,7838,1972
39,19,2,7,7
39,19,3,15,15
39,19,4,35,32
39,19,5,123,70
39,19,6,368,175
39,19,7,1374,456
39,19,8,4519,1259
39,20,2,6,6
39,20,3,14,14
39,20,4,31,29
39,20,5,76,59
39,20,6,276,125
39,20,7,921,292
39,20,8,2937,714
39,21,2,6,6
39,21,3,13,12
39,21,4,29,23
39,21,5,62,51
39,21,6,168,101
39,21,7,559,210
39,21,8,1805,442
39,22,2,5,5
39,22,3,11,11
39,22,4,28,21
39,22,5,60,39
39,22,6,126,75
39,22,7,401,162
39,22,8,1186,321
39,23,2,5,5
39,23,3,11,9
39,23,4,22,16
39,23,5,44,28
39,23,6,89,63
39,23,7,266,116
39,23,8,725,218
39,24,2,4,4
39,24,3,9,8
39,24,4,18,15
39,24,5,39,25
39,24,6,79,44
39,24,7,186,74
39,24,8,444,160
40,3,2,267,267
40,4,2,130,130
40,4,3,2470,2470
40,5,2,82,80
40,5,3,1061,1016
40,5,4,19761,18800
40,6,2,55,54
40,6,3,574,520
40,6,4,7480,6454
40,6,5,118543,109674
40,7,2,40,40
40,7,3,353,298
40,7,4,3839,2824
40,7,5,41174,31389
40,8,2,33,32
40,8,3,231,195
40,8,4,1949,1425
40,8,5,21258,11840
40,9,2,26,25
40,9,3,164,138
40,9,4,1141,827
40,9,5,11114,5894
40,9,6,92981,47169
40,10,2,21,20
40,10,3,110,96
40,10,4,703,504
40,10,5,4863,2724
40,10,6,41392,18288
40,11,2,18,18
40,11,3,86,73
40,11,4,507,328
40,11,5,3332,1691
40,11,6,22029,8880
40,12,2,16,14
40,12,3,67,57
40,12,4,342,227
40,12,5,2104,947
40,12,6,12533,4634
40,12,7,67979,25870
40,13,2,13,13
40,13,3,40,40
40,13,4,240,151
40,13,5,1338,631
40,13,6,7652,2560
40,13,7,37571,12302
40,14,2,12,12
40,14,3,39,38
40,14,4,154,112
40,14,5,918,386
40,14,6,4671,1578
40,14,7,20782,6600
40,14,8,101703,29589
40,15,2,11,11
40,15,3,35,32
40,15,4,121,91
40,15,5,613,283
40,15,6,2858,960
40,15,7,12371,3760
40,15,8,52210,14747
40,16,2,9,9
40,16,3,28,25
40,16,4,93,73
40,16,5,364,215
40,16,6,1830,618
40,16,7,7506,1965
40,16,8,26472,7235
40,17,2,8,8
40,17,3,26,22
40,17,4,77,59
40,17,5,275,163
40,17,6,1112,438
40,17,7,4206,1309
40,17,8,16697,4085
40,18,2,7,7
40,18,3,21,17
40,18,4,60,43
40,18,5,186,114
40,18,6,655,307
40,18,7,2795,874
40,18,8,10127,2545
40,19,2,7,7
40,19,3,17,15
40,19,4,47,34
40,19,5,135,83
40,19,6,462,215
40,19,7,1565,575
40,19,8,6046,1434
40,20,2,6,6
40,20,3,14,14
40,20,4,32,30
40,20,5,96,64
40,20,6,323,140
40,20,7,1014,350
40,20,8,3395,912
40,21,2,6,6
40,21,3,14,12
40,21,4,30,27
40,21,5,66,56
40,21,6,226,113
40,21,7,735,239
40,21,8,2329,557
40,22,2,6,6
40,22,3,12,11
40,22,4,28,22
40,22,5,61,42
40,22,6,162,93
40,22,7,425,184
40,22,8,1464,382
40,23,2,5,5
40,23,3,11,9
40,23,4,26,20
40,23,5,57,37
40,23,6,124,68
40,23,7,337,131
40,23,8,980,282
40,24,2,4,4
40,24,3,10,9
40,24,4,20,15
40,24,5,42,27
40,24,6,81,47
40,24,7,186,105
40,24,8,470,194
41,3,2,274,274
41,4,2,144,144
41,4,3,2737,2737
41,5,2,82,82
41,5,3,1148,1066
41,5,4,20760,20254
41,6,2,59,56
41,6,3,629,547
41,6,4,7952,6943
41,6,5,137247,128467
41,7,2,43,41
41,7,3,378,317
41,7,4,4068,3047
41,7,5,48334,37802
41,8,2,34,33
41,8,3,253,205
41,8,4,2299,1528
41,8,5,24677,14473
41,9,2,28,26
41,9,3,169,146
41,9,4,1263,889
41,9,5,12873,6492
41,9,6,107238,53938
41,10,2,21,21
41,10,3,121,103
41,10,4,825,566
41,10,5,5939,3391
41,10,6,50155,24166
41,11,2,19,18
41,11,3,89,75
41,11,4,545,358
41,11,5,3642,1879
41,11,6,26814,10154
41,12,2,17,15
41,12,3,73,62
41,12,4,394,250
41,12,5,2429,1121
41,12,6,14690,5778
41,12,7,83770,30340
41,13,2,14,14
41,13,3,56,45
41,13,4,253,180
41,13,5,1500,716
41,13,6,8953,2987
41,13,7,45260,14615
41,14,2,12,12
41,14,3,40,39
41,14,4,186,118
41,14,5,1042,443
41,14,6,5059,1848
41,14,7,24841,7498
41,14,8,122347,33008
41,15,2,11,11
41,15,3,37,33
41,15,4,131,104
41,15,5,696,307
41,15,6,3436,1056
41,15,7,14926,4314
41,15,8,66318,18040
41,16,2,10,10
41,16,3,33,29
41,16,4,108,82
41,16,5,461,234
41,16,6,2256,726
41,16,7,9223,2460
41,16,8,35891,9635
41,17,2,9,9
41,17,3,28,22
41,17,4,88,61
41,17,5,315,177
41,17,6,1353,519
41,17,7,5565,1491
41,17,8,21644,4740
41,18,2,7,7
41,18,3,24,19
41,18,4,70,51
41,18,5,231,135
41,18,6,853,372
41,18,7,3595,998
41,18,8,12620,2982
41,19,2,7,7
41,19,3,18,16
41,19,4,53,37
41,19,5,169,93
41,19,6,551,246
41,19,7,1769,663
41,19,8,7667,1886
41,20,2,7,7
41,20,3,15,15
41,20,4,39,32
41,20,5,127,70
41,20,6,399,171
41,20,7,1262,441
41,20,8,4749,1179
41,21,2,6,6
41,21,3,14,14
41,21,4,31,29
41,21,5,80,59
41,21,6,263,126
41,21,7,866,274
41,21,8,2802,684
41,22,2,6,6
41,22,3,13,12
41,22,4,29,23
41,22,5,62,51
41,22,6,182,105
41,22,7,588,211
41,22,8,1901,446
41,23,2,5,5
41,23,3,11,11
41,23,4,28,21
41,23,5,60,40
41,23,6,146,75
41,23,7,406,166
41,23,8,1221,328
41,24,2,5,5
41,24,3,11,9
41,24,4,24,16
41,24,5,51,35
41,24,6,109,64
41,24,7,280,117
41,24,8,615,224
42,3,2,294,294
42,4,2,147,147
42,4,3,2877,2877
42,5,2,93,93
42,5,3,1286,1210
42,5,4,23472,22991
42,6,2,63,63
42,6,3,644,574
42,6,4,8851,7462
42,7,2,46,42
42,7,3,409,330
42,7,4,4659,3282
42,7,5,55416,41658
42,8,2,35,34
42,8,3,274,216
42,8,4,2523,1665
42,8,5,27081,15997
42,9,2,29,28
42,9,3,176,154
42,9,4,1453,957
42,9,5,14679,7131
42,9,6,129077,67541
42,10,2,21,21
42,10,3,132,110
42,10,4,928,614
42,10,5,6756,3734
42,10,6,58544,27267
42,11,2,20,20
42,11,3,91,81
42,11,4,646,394
42,11,5,3999,2162
42,11,6,30529,12948
42,12,2,17,16
42,12,3,77,63
42,12,4,435,263
42,12,5,2670,1253
42,12,6,16371,6577
42,12,7,99758,35539
42,13,2,14,14
42,13,3,58,49
42,13,4,290,201
42,13,5,1654,808
42,13,6,10232,3622
42,13,7,52537,18668
42,14,2,13,13
42,14,3,44,42
42,14,4,214,135
42,14,5,1182,540
42,14,6,6105,2148
42,14,7,30237,8961
42,15,2,12,12
42,15,3,38,35
42,15,4,142,110
42,15,5,772,334
42,15,6,4177,1241
42,15,7,17466,5175
42,15,8,80910,20995
42,16,2,10,10
42,16,3,34,29
42,16,4,114,87
42,16,5,517,273
42,16,6,2662,806
42,16,7,11270,2772
42,16,8,44002,11325
42,17,2,9,9
42,17,3,29,25
42,17,4,100,72
42,17,5,367,203
42,17,6,1671,579
42,17,7,6748,1794
42,17,8,26170,6078
42,18,2,7,7
42,18,3,24,21
42,18,4,72,52
42,18,5,247,143
42,18,6,976,413
42,18,7,4390,1211
42,18,8,15081,3479
42,19,2,7,7
42,19,3,21,17
42,19,4,60,42
42,19,5,187,113
42,19,6,685,299
42,19,7,2358,823
42,19,8,9497,2207
42,20,2,7,7
42,20,3,15,15
42,20,4,45,34
42,20,5,143,78
42,20,6,446,196
42,20,7,1484,517
42,20,8,5960,1393
42,21,2,6,6
42,21,3,15,14
42,21,4,34,30
42,21,5,94,64
42,21,6,321,140
42,21,7,1089,342
42,21,8,3848,882
42,22,2,6,6
42,22,3,14,12
42,22,4,30,27
42,22,5,63,56
42,22,6,221,113
42,22,7,690,241
42,22,8,2048,524
42,23,2,6,6
42,23,3,12,11
42,23,4,29,22
42,23,5,61,42
42,23,6,147,94
42,23,7,508,192
42,23,8,1621,386
42,24,2,5,5
42,24,3,11,9
42,24,4,24,20
42,24,5,54,37
42,24,6,118,70
42,24,7,315,132
42,24,8,755,291
43,3,2,301,301
43,4,2,151,151
43,4,3,3164,3161
43,5,2,95,95
43,5,3,1390,1265
43,5,4,26226,24743
43,6,2,65,65
43,6,3,716,667
43,6,4,10125,8672
43,7,2,49,45
43,7,3,448,387
43,7,4,5122,3526
43,7,5,64105,45838
43,8,2,37,35
43,8,3,297,226
43,8,4,2772,1774
43,8,5,29931,17641
43,9,2,30,29
43,9,3,193,163
43,9,4,1570,1032
43,9,5,16183,7955
43,10,2,26,24
43,10,3,148,121
43,10,4,1052,663
43,10,5,8076,4116
43,10,6,67396,30664
43,11,2,20,20
43,11,3,93,83
43,11,4,703,430
43,11,5,4870,2401
43,11,6,36306,14597
43,12,2,18,17
43,12,3,77,72
43,12,4,489,291
43,12,5,2909,1412
43,12,6,18015,7748
43,13,2,15,14
43,13,3,61,53
43,13,4,335,209
43,13,5,1835,870
43,13,6,11964,4145
43,13,7,61291,21755
43,14,2,13,13
43,14,3,47,43
43,14,4,238,151
43,14,5,1414,618
43,14,6,7265,2482
43,14,7,35445,11125
43,15,2,12,12
43,15,3,40,38
43,15,4,155,121
43,15,5,798,387
43,15,6,4849,1548
43,15,7,21097,6158
43,15,8,95721,25689
43,16,2,11,11
43,16,3,35,33
43,16,4,122,95
43,16,5,603,296
43,16,6,3104,898
43,16,7,12968,3336
43,16,8,56880,13908
43,17,2,10,10
43,17,3,32,26
43,17,4,108,74
43,17,5,429,221
43,17,6,1993,691
43,17,7,7598,2039
43,17,8,32808,7012
43,18,2,9,9
43,18,3,27,22
43,18,4,81,60
43,18,5,299,172
43,18,6,1267,487
43,18,7,5003,1384
43,18,8,19706,4286
43,19,2,7,7
43,19,3,22,18
43,19,4,67,48
43,19,5,226,118
43,19,6,812,324
43,19,7,2774,935
43,19,8,11800,2741
43,20,2,7,7
43,20,3,18,16
43,20,4,54,37
43,20,5,165,91
43,20,6,538,243
43,20,7,1813,643
43,20,8,7499,1770
43,21,2,7,7
43,21,3,15,15
43,21,4,36,32
43,21,5,125,70
43,21,6,398,160
43,21,7,1253,402
43,21,8,4535,1059
43,22,2,6,6
43,22,3,14,14
43,22,4,31,29
43,22,5,78,59
43,22,6,278,126
43,22,7,882,274
43,22,8,3019,669
43,23,2,6,6
43,23,3,13,12
43,23,4,30,23
43,23,5,62,51
43,23,6,181,105
43,23,7,531,212
43,23,8,1984,451
43,24,2,5,5
43,24,3,11,11
43,24,4,28,21
43,24,5,60,40
43,24,6,128,76
43,24,7,412,169
43,24,8,1202,344
44,3,2,323,323
44,4,2,165,165
44,4,3,3311,3311
44,5,2,99,97
44,5,3,1469,1329
44,5,4,29346,27817
44,6,2,67,66
44,6,3,783,697
44,6,4,11413,9277
44,7,2,51,51
44,7,3,486,409
44,7,4,5568,4193
44,7,5,74120,54510
44,8,2,39,39
44,8,3,315,237
44,8,4,3118,2129
44,8,5,31297,19393
44,9,2,30,30
44,9,3,210,172
44,9,4,1769,1105
44,9,5,17548,8673
44,10,2,26,25
44,10,3,157,128
44,10,4,1179,718
44,10,5,8974,4541
44,10,6,78372,35002
44,11,2,21,20
44,11,3,110,96
44,11,4,772,484
44,11,5,5435,2652
44,11,6,39191,16464
44,12,2,19,18
44,12,3,77,74
44,12,4,509,305
44,12,5,3270,1577
44,12,6,21021,8804
44,13,2,16,14
44,13,3,66,58
44,13,4,373,244
44,13,5,2054,985
44,13,6,13846,4780
44,13,7,67374,26224
44,14,2,13,13
44,14,3,49,44
44,14,4,252,167
44,14,5,1578,657
44,14,6,8447,2735
44,14,7,40595,13028
44,15,2,12,12
44,15,3,41,39
44,15,4,162,127
44,15,5,858,443
44,15,6,5260,1813
44,15,7,24722,7281
44,16,2,11,11
44,16,3,37,33
44,16,4,130,105
44,16,5,688,333
44,16,6,3659,1065
44,16,7,14244,4257
44,16,8,66342,16935
44,17,2,10,10
44,17,3,34,29
44,17,4,114,86
44,17,5,500,246
44,17,6,2386,767
44,17,7,9726,2325
44,17,8,39832,8635
44,18,2,9,9
44,18,3,28,25
44,18,4,95,64
44,18,5,338,181
44,18,6,1474,541
44,18,7,5505,1690
44,18,8,23577,4985
44,19,2,8,8
44,19,3,24,21
44,19,4,72,51
44,19,5,255,139
44,19,6,1008,399
44,19,7,3617,1128
44,19,8,14869,3206
44,20,2,7,7
44,20,3,19,17
44,20,4,54,40
44,20,5,184,106
44,20,6,627,260
44,20,7,2055,713
44,20,8,9574,2057
44,21,2,7,7
44,21,3,15,15
44,21,4,46,34
44,21,5,139,78
44,21,6,456,191
44,21,7,1459,510
44,21,8,5105,1348
44,22,2,6,6
44,22,3,15,14
44,22,4,31,30
44,22,5,105,64
44,22,6,342,140
44,22,7,1080,320
44,22,8,3532,804
44,23,2,6,6
44,23,3,14,12
44,23,4,30,27
44,23,5,63,56
44,23,6,239,113
44,23,7,798,242
44,23,8,2452,525
44,24,2,6,6
44,24,3,11,11
44,24,4,28,22
44,24,5,62,43
44,24,6,154,94
44,24,7,436,193
44,24,8,1362,389
45,3,2,330,330
45,4,2,169,169
45,4,3,3634,3634
45,5,2,99,99
45,5,3,1582,1485
45,5,4,31826,29799
45,6,2,70,68
45,6,3,851,728
45,6,4,12696,9968
45,7,2,52,52
45,7,3,510,425
45,7,4,6100,4481
45,7,5,84677,59638
45,8,2,42,40
45,8,3,326,287
45,8,4,3473,2301
45,8,5,35284,23586
45,9,2,33,32
45,9,3,232,195
45,9,4,1935,1185
45,9,5,19520,10645
45,10,2,27,26
45,10,3,164,135
45,10,4,1258,774
45,10,5,10442,4973
45,10,6,85538,39029
45,11,2,22,21
45,11,3,120,103
45,11,4,880,524
45,11,5,6412,2938
45,11,6,44753,18577
45,12,2,19,18
45,12,3,88,75
45,12,4,547,360
45,12,5,3541,1815
45,12,6,26028,9945
45,13,2,17,15
45,13,3,73,63
45,13,4,418,257
45,13,5,2392,1056
45,13,6,15667,5459
45,13,7,80565,30476
45,14,2,14,14
45,14,3,59,45
45,14,4,253,187
45,14,5,1822,785
45,14,6,9688,3167
45,14,7,52358,15365
45,15,2,12,12
45,15,3,42,40
45,15,4,166,132
45,15,5,969,501
45,15,6,6210,1971
45,15,7,29718,8205
45,16,2,12,12
45,16,3,38,35
45,16,4,136,110
45,16,5,750,358
45,16,6,4145,1246
45,16,7,18762,5100
45,16,8,81955,20478
45,17,2,10,10
45,17,3,35,30
45,17,4,124,88
45,17,5,564,278
45,17,6,2686,882
45,17,7,11284,2820
45,17,8,45672,11269
45,18,2,10,10
45,18,3,31,25
45,18,4,100,73
45,18,5,385,215
45,18,6,1724,615
45,18,7,7319,1918
45,18,8,28904,5813
45,19,2,8,8
45,19,3,24,22
45,19,4,75,60
45,19,5,288,152
45,19,6,1194,429
45,19,7,4736,1282
45,19,8,17370,4003
45,20,2,7,7
45,20,3,22,18
45,20,4,67,48
45,20,5,217,115
45,20,6,809,313
45,20,7,2738,898
45,20,8,11992,2538
45,21,2,7,7
45,21,3,15,15
45,21,4,51,37
45,21,5,155,86
45,21,6,528,228
45,21,7,1826,558
45,21,8,6368,1528
45,22,2,7,7
45,22,3,15,15
45,22,4,37,32
45,22,5,121,70
45,22,6,407,160
45,22,7,1374,391
45,22,8,3861,1044
45,23,2,6,6
45,23,3,14,14
45,23,4,31,29
45,23,5,65,59
45,23,6,267,126
45,23,7,926,274
45,23,8,2660,627
45,24,2,6,6
45,24,3,13,12
45,24,4,30,23
45,24,5,62,51
45,24,6,188,105
45,24,7,534,212
45,24,8,1842,454
46,3,2,353,353
46,4,2,173,173
46,4,3,3795,3795
46,5,2,111,111
46,5,3,1688,1555
46,5,4,34419,33433
46,6,2,73,69
46,6,3,907,759
46,6,4,13722,11385
46,7,2,53,53
46,7,3,530,447
46,7,4,6583,4784
46,7,5,96134,65504
46,8,2,43,41
46,8,3,336,299
46,8,4,3702,2444
46,8,5,37918,25766
46,9,2,34,33
46,9,3,246,205
46,9,4,2183,1467
46,9,5,22891,11761
46,10,2,28,26
46,10,3,182,148
46,10,4,1406,897
46,10,5,12084,5451
46,10,6,91855,48967
46,11,2,23,21
46,11,3,129,109
46,11,4,967,565
46,11,5,7180,3237
46,11,6,53443,20797
46,12,2,20,20
46,12,3,90,81
46,12,4,567,395
46,12,5,3767,2009
46,12,6,29558,11263
46,13,2,17,16
46,13,3,78,64
46,13,4,465,266
46,13,5,2787,1275
46,13,6,18080,6423
46,13,7,97672,35190
46,14,2,15,14
46,14,3,62,50
46,14,4,253,207
46,14,5,1948,845
46,14,6,11284,3470
46,14,7,59164,17937
46,15,2,13,13
46,15,3,48,43
46,15,4,214,138
46,15,5,1089,574
46,15,6,7235,2408
46,15,7,35121,9713
46,16,2,12,12
46,16,3,39,36
46,16,4,157,115
46,16,5,755,380
46,16,6,4554,1441
46,16,7,21230,5667
46,16,8,96419,23590
46,17,2,11,11
46,17,3,36,33
46,17,4,127,95
46,17,5,654,298
46,17,6,3180,969
46,17,7,13920,3372
46,17,8,59647,13800
46,18,2,10,10
46,18,3,32,26
46,18,4,107,77
46,18,5,454,225
46,18,6,1983,711
46,18,7,8413,2254
46,18,8,34210,7207
46,19,2,9,9
46,19,3,28,25
46,19,4,87,61
46,19,5,328,177
46,19,6,1396,521
46,19,7,5867,1490
46,19,8,21559,4644
46,20,2,7,7
46,20,3,24,19
46,20,4,70,51
46,20,5,241,138
46,20,6,963,350
46,20,7,3524,987
46,20,8,12655,2949
46,21,2,7,7
46,21,3,20,16
46,21,4,62,40
46,21,5,187,106
46,21,6,676,252
46,21,7,2302,686
46,21,8,8344,1968
46,22,2,7,7
46,22,3,15,15
46,22,4,38,33
46,22,5,123,78
46,22,6,459,180
46,22,7,1525,477
46,22,8,5336,1167
46,23,2,6,6
46,23,3,15,14
46,23,4,31,30
46,23,5,92,64
46,23,6,267,140
46,23,7,1064,320
46,23,8,3485,782
46,24,2,6,6
46,24,3,14,12
46,24,4,30,27
46,24,5,63,56
46,24,6,231,114
46,24,7,534,242
46,24,8,2238,526
47,3,2,361,361
47,4,2,188,188
47,4,3,4148,4148
47,5,2,113,113
47,5,3,1820,1627
47,5,4,35673,35673
47,6,2,79,79
47,6,3,946,870
47,6,4,15095,12181
47,7,2,56,54
47,7,3,589,464
47,7,4,7151,5097
47,7,5,107387,76443
47,8,2,44,42
47,8,3,345,312
47,8,4,4217,2627
47,8,5,41988,28106
47,9,2,35,34
47,9,3,253,215
47,9,4,2402,1562
47,9,5,25589,12764
47,10,2,29,29
47,10,3,187,156
47,10,4,1573,964
47,10,5,13763,6895
47,10,6,112873,55277
47,11,2,23,22
47,11,3,142,112
47,11,4,1037,633
47,11,5,8318,3833
47,11,6,61141,23291
47,12,2,20,20
47,12,3,92,83
47,12,4,577,427
47,12,5,4177,2213
47,12,6,32000,12679
47,13,2,18,18
47,13,3,82,73
47,13,4,494,293
47,13,5,3128,1429
47,13,6,20677,7264
47,14,2,15,14
47,14,3,67,54
47,14,4,330,215
47,14,5,2340,894
47,14,6,12511,4281
47,14,7,68989,21563
47,15,2,13,13
47,15,3,52,44
47,15,4,237,157
47,15,5,1265,649
47,15,6,8332,2648
47,15,7,42317,10873
47,16,2,12,12
47,16,3,42,39
47,16,4,175,127
47,16,5,759,406
47,16,6,5333,1687
47,16,7,24947,7074
47,17,2,11,11
47,17,3,38,34
47,17,4,130,100
47,17,5,728,319
47,17,6,3464,1051
47,17,7,16009,3984
47,17,8,69500,15668
47,18,2,10,10
47,18,3,34,29
47,18,4,117,87
47,18,5,499,249
47,18,6,2319,779
47,18,7,10759,2531
47,18,8,40990,8805
47,19,2,9,9
47,19,3,30,25
47,19,4,103,65
47,19,5,381,191
47,19,6,1600,557
47,19,7,6216,1759
47,19,8,25765,5576
47,20,2,8,8
47,20,3,24,22
47,20,4,72,59
47,20,5,279,144
47,20,6,1127,416
47,20,7,4253,1225
47,20,8,17027,3502
47,21,2,7,7
47,21,3,22,18
47,21,4,66,43
47,21,5,207,115
47,21,6,784,309
47,21,7,2602,784
47,21,8,9598,2209
47,22,2,7,7
47,22,3,18,15
47,22,4,54,35
47,22,5,152,86
47,22,6,545,227
47,22,7,1915,539
47,22,8,6560,1466
47,23,2,7,7
47,23,3,15,15
47,23,4,31,31
47,23,5,112,68
47,23,6,267,160
47,23,7,1343,368
47,23,8,3942,975
47,24,2,6,6
47,24,3,14,14
47,24,4,30,29
47,24,5,63,59
47,24,6,266,126
47,24,7,534,275
47,24,8,2817,627
48,3,2,384,384
48,4,2,192,192
48,4,3,4332,4332
48,5,2,117,116
48,5,3,1957,1806
48,5,4,39821,39821
48,6,2,80,80
48,6,3,987,904
48,6,4,15844,13016
48,7,2,56,55
48,7,3,627,542
48,7,4,8084,5966
48,7,5,119619,83527
48,8,2,47,44
48,8,3,349,324
48,8,4,4561,2784
48,8,5,43369,30582
48,9,2,37,35
48,9,3,294,224
48,9,4,2689,1664
48,9,5,28876,14011
48,10,2,30,29
48,10,3,192,164
48,10,4,1706,1032
48,10,5,15302,7498
48,11,2,26,24
48,11,3,156,127
48,11,4,1159,681
48,11,5,9328,4207
48,11,6,68848,30088
48,12,2,20,20
48,12,3,92,88
48,12,4,581,448
48,12,5,4436,2532
48,12,6,38390,15332
48,13,2,19,18
48,13,3,84,74
48,13,4,540,307
48,13,5,3351,1577
48,13,6,24402,8172
48,14,2,17,15
48,14,3,74,62
48,14,4,337,251
48,14,5,2512,1005
48,14,6,14811,4900
48,14,7,79980,24906
48,15,2,13,13
48,15,3,55,45
48,15,4,252,173
48,15,5,1514,688
48,15,6,9262,2861
48,15,7,48568,13700
48,16,2,12,12
48,16,3,43,40
48,16,4,195,132
48,16,5,759,471
48,16,6,6045,1947
48,16,7,28436,7944
48,17,2,12,12
48,17,3,38,35
48,17,4,138,111
48,17,5,749,359
48,17,6,4122,1147
48,17,7,19144,4764
48,17,8,84966,19974
48,18,2,10,10
48,18,3,35,30
48,18,4,122,91
48,18,5,549,267
48,18,6,2476,851
48,18,7,12144,2803
48,18,8,46695,10624
48,19,2,10,10
48,19,3,31,26
48,19,4,109,74
48,19,5,417,220
48,19,6,1856,630
48,19,7,7808,1968
48,19,8,30842,6395
48,20,2,8,8
48,20,3,24,22
48,20,4,87,60
48,20,5,285,156
48,20,6,1280,459
48,20,7,4860,1337
48,20,8,20009,4222
48,21,2,7,7
48,21,3,24,19
48,21,4,69,51
48,21,5,236,135
48,21,6,907,330
48,21,7,3518,951
48,21,8,12486,2800
48,22,2,7,7
48,22,3,19,16
48,22,4,57,40
48,22,5,175,94
48,22,6,662,251
48,22,7,2289,675
48,22,8,8274,1711
48,23,2,7,7
48,23,3,16,15
48,23,4,48,33
48,23,5,129,74
48,23,6,418,180
48,23,7,1682,474
48,23,8,5357,1125
48,24,2,6,6
48,24,3,14,14
48,24,4,30,30
48,24,5,63,62
48,24,6,266,136
48,24,7,534,320
48,24,8,3288,736
49,3,2,392,392
49,4,2,196,196
49,4,3,4708,4704
49,5,2,122,118
49,5,3,2088,1882
49,5,4,43267,42454
49,6,2,82,82
49,6,3,1042,948
49,6,4,17700,14749
49,7,2,56,56
49,7,3,657,560
49,7,4,8964,6328
49,8,2,49,44
49,8,3,350,337
49,8,4,4900,3320
49,8,5,51448,36542
49,9,2,38,36
49,9,3,309,240
49,9,4,2972,1764
49,9,5,32375,15158
49,10,2,30,30
49,10,3,198,172
49,10,4,1836,1098
49,10,5,17726,8154
49,11,2,27,25
49,11,3,162,130
49,11,4,1233,731
49,11,5,10720,4598
49,11,6,79528,33401
49,12,2,22,21
49,12,3,117,98
49,12,4,735,519
49,12,5,5353,2781
49,12,6,44885,17179
49,13,2,19,19
49,13,3,88,76
49,13,4,561,332
49,13,5,3606,1689
49,13,6,27519,9544
49,14,2,17,16
49,14,3,78,63
49,14,4,382,259
49,14,5,2886,1075
49,14,6,16435,5520
49,14,7,96548,28602
49,15,2,15,14
49,15,3,63,49
49,15,4,284,203
49,15,5,1656,820
49,15,6,10331,3283
49,15,7,58246,16007
49,16,2,13,13
49,16,3,44,41
49,16,4,209,138
49,16,5,1011,530
49,16,6,6789,2107
49,16,7,34725,8762
49,17,2,12,12
49,17,3,39,36
49,17,4,144,116
49,17,5,756,381
49,17,6,4131,1358
49,17,7,22312,5613
49,17,8,99232,22898
49,18,2,11,11
49,18,3,37,33
49,18,4,126,96
49,18,5,635,303
49,18,6,2907,978
49,18,7,13506,3123
49,18,8,60428,12969
49,19,2,10,10
49,19,3,32,26
49,19,4,114,78
49,19,5,454,235
49,19,6,2110,689
49,19,7,9189,2195
49,19,8,35095,7229
49,20,2,9,9
49,20,3,29,25
49,20,4,95,64
49,20,5,346,182
49,20,6,1478,539
49,20,7,5873,1544
49,20,8,23110,4822
49,21,2,7,7
49,21,3,24,19
49,21,4,75,52
49,21,5,266,140
49,21,6,1071,364
49,21,7,4174,1071
49,21,8,14554,3120
49,22,2,7,7
49,22,3,22,18
49,22,4,64,43
49,22,5,195,114
49,22,6,787,301
49,22,7,2854,735
49,22,8,10358,2119
49,23,2,7,7
49,23,3,16,15
49,23,4,52,35
49,23,5,136,86
49,23,6,474,201
49,23,7,2010,535
49,23,8,6080,1439
49,24,2,7,7
49,24,3,15,15
49,24,4,38,31
49,24,5,108,68
49,24,6,385,152
49,24,7,952,368
49,24,8,4498,968
50,3,2,417,417
50,4,2,213,213
50,4,3,4900,4900
50,5,2,130,130
50,5,3,2231,1960
50,5,4,47959,47040
50,6,2,87,84
50,6,3,1093,984
50,6,4,19733,15684
50,7,2,65,65
50,7,3,697,586
50,7,4,9967,6772
50,8,2,49,45
50,8,3,350,350
50,8,4,5269,3500
50,8,5,59210,39550
50,9,2,40,39
50,9,3,326,245
50,9,4,3214,1873
50,9,5,36900,18445
50,10,2,30,30
50,10,3,207,180
50,10,4,1972,1200
50,10,5,19541,8820
50,11,2,28,26
50,11,3,173,137
50,11,4,1375,782
50,11,5,11874,4991
50,11,6,93389,37064
50,12,2,23,21
50,12,3,122,105
50,12,4,773,542
50,12,5,6141,3046
50,12,6,50739,19159
50,13,2,20,20
50,13,3,92,81
50,13,4,577,378
50,13,5,3925,1997
50,13,6,30602,10697
50,14,2,18,16
50,14,3,80,68
50,14,4,428,272
50,14,5,2952,1186
50,14,6,18246,6033
50,15,2,15,14
50,15,3,68,54
50,15,4,324,210
50,15,5,1842,864
50,15,6,12170,3584
50,15,7,66428,18400
50,16,2,13,13
50,16,3,54,44
50,16,4,244,154
50,16,5,1096,635
50,16,6,7854,2563
50,16,7,40130,10260
50,17,2,12,12
50,17,3,41,39
50,17,4,154,121
50,17,5,853,406
50,17,6,4824,1559
50,17,7,25794,6198
50,18,2,11,11
50,18,3,38,34
50,18,4,131,100
50,18,5,703,323
50,18,6,3041,1059
50,18,7,15289,3773
50,18,8,70909,15592
50,19,2,10,10
50,19,3,35,29
50,19,4,120,87
50,19,5,538,253
50,19,6,2348,798
50,19,7,10624,2574
50,19,8,42448,8219
50,20,2,9,9
50,20,3,30,25
50,20,4,97,65
50,20,5,379,195
50,20,6,1717,588
50,20,7,6824,1723
50,20,8,26400,5488
50,21,2,8,8
50,21,3,26,22
50,21,4,80,60
50,21,5,290,153
50,21,6,1273,434
50,21,7,4906,1284
50,21,8,17824,3677
50,22,2,7,7
50,22,3,23,18
50,22,4,66,44
50,22,5,229,119
50,22,6,868,319
50,22,7,3496,828
50,22,8,11833,2435
50,23,2,7,7
50,23,3,20,16
50,23,4,54,40
50,23,5,165,94
50,23,6,546,248
50,23,7,2460,655
50,23,8,7883,1598
50,24,2,7,7
50,24,3,15,15
50,24,4,41,33
50,24,5,117,73
50,24,6,441,180
50,24,7,1196,419
50,24,8,5211,1115
51,3,2,425,425
51,4,2,217,217
51,4,3,5317,5317
51,5,2,135,133
51,5,3,2335,2173
51,5,4,52671,49980
51,6,2,90,85
51,6,3,1207,1105
51,6,4,21663,16660
51,7,2,66,66
51,7,3,752,612
51,7,4,10732,7170
51,8,2,51,51
51,8,3,415,415
51,8,4,5777,3736
51,8,5,69136,43172
51,9,2,41,40
51,9,3,334,255
51,9,4,3431,1984
51,9,5,40014,19834
51,10,2,35,33
51,10,3,238,199
51,10,4,2169,1250
51,10,5,21125,9553
51,11,2,29,27
51,11,3,181,140
51,11,4,1497,835
51,11,5,12905,5564
51,11,6,104356,40894
51,12,2,24,22
51,12,3,129,111
51,12,4,875,583
51,12,5,7094,3324
51,12,6,56774,21212
51,13,2,20,20
51,13,3,98,83
51,13,4,597,412
51,13,5,4462,2127
51,13,6,34441,11950
51,14,2,19,18
51,14,3,82,73
51,14,4,489,296
51,14,5,3529,1377
51,14,6,21744,7275
51,15,2,16,14
51,15,3,68,55
51,15,4,342,232
51,15,5,2012,925
51,15,6,13669,4033
51,15,7,79486,20513
51,16,2,13,13
51,16,3,57,45
51,16,4,265,173
51,16,5,1299,670
51,16,6,8769,2754
51,16,7,46610,11424
51,17,2,13,13
51,17,3,43,40
51,17,4,196,132
51,17,5,977,462
51,17,6,5664,1905
51,17,7,30141,7689
51,18,2,12,12
51,18,3,38,35
51,18,4,133,111
51,18,5,777,343
51,18,6,3890,1151
51,18,7,18459,4418
51,18,8,86970,17561
51,19,2,11,11
51,19,3,36,30
51,19,4,125,92
51,19,5,577,269
51,19,6,2584,867
51,19,7,12351,2843
51,19,8,51761,10128
51,20,2,10,10
51,20,3,31,26
51,20,4,112,74
51,20,5,421,222
51,20,6,1850,646
51,20,7,8095,2035
51,20,8,33157,6564
51,21,2,9,9
51,21,3,27,22
51,21,4,93,61
51,21,5,321,158
51,21,6,1408,474
51,21,7,5580,1428
51,21,8,20602,4185
51,22,2,8,8
51,22,3,24,19
51,22,4,71,51
51,22,5,249,140
51,22,6,1044,355
51,22,7,4116,1007
51,22,8,13553,2977
51,23,2,7,7
51,23,3,21,17
51,23,4,60,40
51,23,5,187,98
51,23,6,648,264
51,23,7,2882,709
51,23,8,9354,1836
51,24,2,7,7
51,24,3,16,15
51,24,4,51,34
51,24,5,130,85
51,24,6,502,200
51,24,7,1441,527
51,24,8,6687,1392
52,3,2,451,451
52,4,2,221,221
52,4,3,5525,5525
52,5,2,136,136
52,5,3,2442,2257
52,5,4,57964,55297
52,6,2,96,96
52,6,3,1283,1153
52,6,4,22990,18833
52,7,2,68,67
52,7,3,792,632
52,7,4,11714,8209
52,8,2,54,52
52,8,3,437,429
52,8,4,6044,3978
52,8,5,78907,46605
52,9,2,45,42
52,9,3,345,295
52,9,4,3650,2398
52,9,5,43002,21586
52,10,2,36,34
52,10,3,253,208
52,10,4,2317,1326
52,10,5,23295,10317
52,11,2,30,29
52,11,3,188,156
52,11,4,1572,941
52,11,5,14569,5910
52,12,2,24,23
52,12,3,130,117
52,12,4,930,607
52,12,5,8058,3619
52,12,6,62797,24111
52,13,2,21,20
52,13,3,101,88
52,13,4,638,444
52,13,5,5057,2332
52,13,6,39600,13296
52,14,2,19,18
52,14,3,83,75
52,14,4,527,309
52,14,5,3725,1531
52,14,6,24333,7901
52,15,2,17,15
52,15,3,77,63
52,15,4,398,254
52,15,5,2154,1027
52,15,6,14747,4774
52,15,7,88788,25220
52,16,2,13,13
52,16,3,59,46
52,16,4,283,179
52,16,5,1340,754
52,16,6,10205,3007
52,16,7,54480,13108
52,17,2,13,13
52,17,3,45,41
52,17,4,218,138
52,17,5,1137,530
52,17,6,6252,2050
52,17,7,34374,8424
52,18,2,12,12
52,18,3,39,38
52,18,4,136,116
52,18,5,819,382
52,18,6,4010,1335
52,18,7,21664,5504
52,19,2,11,11
52,19,3,37,33
52,19,4,129,96
52,19,5,663,304
52,19,6,3085,939
52,19,7,13925,3151
52,19,8,62781,12092
52,20,2,10,10
52,20,3,31,29
52,20,4,117,78
52,20,5,479,240
52,20,6,2029,700
52,20,7,9467,2255
52,20,8,37825,7392
52,21,2,9,9
52,21,3,29,25
52,21,4,101,65
52,21,5,373,184
52,21,6,1543,550
52,21,7,6573,1600
52,21,8,26107,5040
52,22,2,8,8
52,22,3,25,22
52,22,4,76,52
52,22,5,268,145
52,22,6,1211,374
52,22,7,4765,1121
52,22,8,16020,3376
52,23,2,7,7
52,23,3,23,19
52,23,4,65,44
52,23,5,198,116
52,23,6,766,317
52,23,7,3315,803
52,23,8,11329,2277
52,24,2,7,7
52,24,3,17,16
52,24,4,51,37
52,24,5,147,87
52,24,6,549,213
52,24,7,1814,572
52,24,8,7683,1537
53,3,2,460,460
53,4,2,239,239
53,4,3,5976,5976
53,5,2,140,139
53,5,3,2608,2344
53,5,4,60468,58565
53,6,2,98,98
53,6,3,1313,1202
53,6,4,24984,19937
53,7,2,70,69
53,7,3,830,727
53,7,4,12479,8730
53,8,2,56,53
53,8,3,480,444
53,8,4,6557,4187
53,8,5,90521,54385
53,9,2,45,43
53,9,3,356,307
53,9,4,3846,2527
53,9,5,48918,23426
53,10,2,37,35
53,10,3,267,223
53,10,4,2565,1564
53,10,5,26891,12710
53,11,2,30,29
53,11,3,194,164
53,11,4,1700,1003
53,11,5,16113,6390
53,12,2,27,25
53,12,3,148,129
53,12,4,1084,689
53,12,5,9151,4157
53,12,6,74317,26103
53,13,2,21,21
53,13,3,104,94
53,13,4,679,477
53,13,5,5612,2475
53,13,6,44286,14755
53,14,2,19,19
53,14,3,87,76
53,14,4,579,334
53,14,5,4273,1681
53,14,6,28216,8829
53,15,2,18,16
53,15,3,79,64
53,15,4,437,265
53,15,5,2283,1092
53,15,6,17078,5410
53,16,2,15,14
53,16,3,65,50
53,16,4,325,209
53,16,5,1673,842
53,16,6,11580,3402
53,16,7,64243,15814
53,17,2,13,13
53,17,3,46,42
53,17,4,228,144
53,17,5,1247,559
53,17,6,7234,2351
53,17,7,40068,9375
53,18,2,12,12
53,18,3,39,39
53,18,4,137,121
53,18,5,900,407
53,18,6,4882,1561
53,18,7,25414,6037
53,19,2,11,11
53,19,3,38,34
53,19,4,130,106
53,19,5,735,324
53,19,6,3429,1066
53,19,7,15481,3724
53,19,8,73867,15354
53,20,2,11,11
53,20,3,35,30
53,20,4,119,88
53,20,5,532,255
53,20,6,2460,806
53,20,7,10859,2489
53,20,8,45470,8351
53,21,2,10,10
53,21,3,31,26
53,21,4,111,74
53,21,5,409,197
53,21,6,1656,606
53,21,7,7216,1767
53,21,8,29095,5692
53,22,2,9,9
53,22,3,27,22
53,22,4,86,61
53,22,5,311,157
53,22,6,1289,444
53,22,7,5297,1325
53,22,8,18815,3855
53,23,2,7,7
53,23,3,24,19
53,23,4,68,51
53,23,5,225,120
53,23,6,925,335
53,23,7,3897,863
53,23,8,12344,2584
53,24,2,7,7
53,24,3,21,17
53,24,4,61,42
53,24,5,170,98
53,24,6,683,257
53,24,7,2390,701
53,24,8,9383,1774
54,3,2,486,486
54,4,2,243,243
54,4,3,6210,6210
54,5,2,152,152
54,5,3,2728,2582
54,5,4,66246,64541
54,6,2,99,99
54,6,3,1383,1251
54,6,4,25812,21096
54,7,2,73,70
54,7,3,897,756
54,7,4,13626,9273
54,8,2,57,54
54,8,3,523,466
54,8,4,7212,4908
54,8,5,101881,58928
54,9,2,46,44
54,9,3,361,318
54,9,4,4091,2664
54,9,5,54606,25122
54,10,2,38,36
54,10,3,292,233
54,10,4,2744,1658
54,10,5,29338,13646
54,11,2,30,30
54,11,3,200,172
54,11,4,1900,1095
54,11,5,16418,7678
54,12,2,27,26
54,12,3,161,131
54,12,4,1122,738
54,12,5,10364,4514
54,12,6,82665,28755
54,13,2,23,21
54,13,3,125,104
54,13,4,765,536
54,13,5,6385,2862
54,13,6,50556,17268
54,14,2,20,20
54,14,3,90,81
54,14,4,604,363
54,14,5,4597,1841
54,14,6,30454,9547
54,15,2,18,17
54,15,3,81,69
54,15,4,469,274
54,15,5,2412,1203
54,15,6,19514,6052
54,16,2,16,14
54,16,3,69,54
54,16,4,350,216
54,16,5,1864,895
54,16,6,13222,3686
54,16,7,73821,18259
54,17,2,14,14
54,17,3,59,45
54,17,4,242,159
54,17,5,1428,664
54,17,6,8327,2675
54,17,7,45840,10807
54,18,2,12,12
54,18,3,39,39
54,18,4,141,126
54,18,5,957,432
54,18,6,5323,1677
54,18,7,28057,7053
54,19,2,12,12
54,19,3,39,36
54,19,4,134,111
54,19,5,836,344
54,19,6,3709,1157
54,19,7,17472,4437
54,19,8,88615,17158
54,20,2,11,11
54,20,3,35,30
54,20,4,122,92
54,20,5,608,287
54,20,6,2563,875
54,20,7,12678,2879
54,20,8,53769,10055
54,21,2,10,10
54,21,3,32,29
54,21,4,117,78
54,21,5,442,227
54,21,6,2073,656
54,21,7,8625,2073
54,21,8,34835,6401
54,22,2,9,9
54,22,3,27,25
54,22,4,95,64
54,22,5,337,182
54,22,6,1415,484
54,22,7,5729,1488
54,22,8,22355,4338
54,23,2,8,8
54,23,3,25,22
54,23,4,72,52
54,23,5,262,144
54,23,6,1026,369
54,23,7,4321,1043
54,23,8,14693,3111
54,24,2,7,7
54,24,3,21,18
54,24,4,63,43
54,24,5,183,115
54,24,6,763,270
54,24,7,2794,754
54,24,8,10759,1942
55,3,2,495,495
55,4,2,248,248
55,4,3,6687,6683
55,5,2,154,154
55,5,3,2846,2673
55,5,4,71106,68310
55,6,2,105,101
55,6,3,1523,1394
55,6,4,28535,23669
55,7,2,76,72
55,7,3,969,779
55,7,4,14237,9830
55,8,2,57,55
55,8,3,573,482
55,8,4,7600,5198
55,9,2,49,45
55,9,3,374,330
55,9,4,4596,2848
55,9,5,61299,29994
55,10,2,39,36
55,10,3,320,242
55,10,4,3033,1749
55,10,5,32803,14652
55,11,2,31,30
55,11,3,208,180
55,11,4,1971,1165
55,11,5,18994,8290
55,12,2,28,27
55,12,3,168,138
55,12,4,1254,789
55,12,5,11524,5019
55,12,6,94851,35191
55,13,2,24,22
55,13,3,133,110
55,13,4,853,555
55,13,5,7209,3123
55,13,6,56692,19098
55,14,2,21,20
55,14,3,101,83
55,14,4,621,409
55,14,5,4680,2106
55,14,6,34418,11244
55,15,2,19,18
55,15,3,82,74
55,15,4,522,297
55,15,5,2521,1331
55,15,6,22191,6751
55,16,2,16,15
55,16,3,72,59
55,16,4,382,238
55,16,5,1977,945
55,16,6,14377,4136
55,16,7,85745,20804
55,17,2,14,14
55,17,3,62,46
55,17,4,274,175
55,17,5,1571,699
55,17,6,9099,2896
55,17,7,52333,11926
55,18,2,13,13
55,18,3,48,43
55,18,4,199,138
55,18,5,1147,486
55,18,6,6163,2029
55,18,7,32562,8174
55,19,2,12,12
55,19,3,39,37
55,19,4,139,113
55,19,5,919,365
55,19,6,3975,1251
55,19,7,20868,4855
55,20,2,11,11
55,20,3,36,33
55,20,4,126,99
55,20,5,666,306
55,20,6,2871,946
55,20,7,14271,3182
55,20,8,62118,12202
55,21,2,10,10
55,21,3,34,29
55,21,4,119,79
55,21,5,506,241
55,21,6,2359,752
55,21,7,9632,2292
55,21,8,40239,7541
55,22,2,10,10
55,22,3,31,25
55,22,4,102,73
55,22,5,380,195
55,22,6,1719,568
55,22,7,6681,1640
55,22,8,26033,5183
55,23,2,8,8
55,23,3,26,22
55,23,4,82,60
55,23,5,279,154
55,23,6,1169,436
55,23,7,4950,1158
55,23,8,17519,3559
55,24,2,7,7
55,24,3,24,19
55,24,4,68,51
55,24,5,198,120
55,24,6,921,330
55,24,7,3220,846
55,24,8,12099,2391
56,3,2,523,523
56,4,2,266,266
56,4,3,6930,6930
56,5,2,157,157
56,5,3,3031,2778
56,5,4,77612,74850
56,6,2,110,103
56,6,3,1622,1438
56,6,4,31200,24948
56,7,2,80,80
56,7,3,1009,808
56,7,4,15730,11152
56,8,2,57,56
56,8,3,585,497
56,8,4,8031,5453
56,9,2,49,46
56,9,3,383,343
56,9,4,4961,3000
56,9,5,68098,32344
56,10,2,40,40
56,10,3,329,252
56,10,4,3230,1848
56,10,5,35278,15949
56,11,2,31,31
56,11,3,223,184
56,11,4,2165,1232
56,11,5,20367,8904
56,12,2,28,27
56,12,3,181,140
56,12,4,1282,840
56,12,5,11763,5437
56,13,2,25,22
56,13,3,140,117
56,13,4,936,595
56,13,5,8096,3399
56,13,6,62627,21621
56,14,2,21,20
56,14,3,103,88
56,14,4,639,440
56,14,5,4680,2220
56,14,6,38338,12492
56,15,2,19,18
56,15,3,83,75
56,15,4,564,310
56,15,5,2635,1527
56,15,6,24824,7863
56,16,2,17,15
56,16,3,73,63
56,16,4,406,259
56,16,5,2171,1040
56,16,6,15663,4659
56,17,2,15,14
56,17,3,64,50
56,17,4,313,195
56,17,5,1773,784
56,17,6,10635,3113
56,17,7,60162,13625
56,18,2,13,13
56,18,3,49,44
56,18,4,210,144
56,18,5,1216,545
56,18,6,7096,2175
56,18,7,36681,9010
56,19,2,12,12
56,19,3,42,39
56,19,4,156,127
56,19,5,974,407
56,19,6,5074,1433
56,19,7,24459,5981
56,20,2,11,11
56,20,3,36,34
56,20,4,127,104
56,20,5,738,317
56,20,6,2898,1022
56,20,7,15654,3503
56,20,8,73835,13594
56,21,2,11,11
56,21,3,35,30
56,21,4,121,88
56,21,5,544,264
56,21,6,2538,816
56,21,7,10988,2523
56,21,8,47070,8486
56,22,2,10,10
56,22,3,31,26
56,22,4,104,74
56,22,5,403,202
56,22,6,1847,614
56,22,7,7721,1915
56,22,8,30376,5835
56,23,2,9,9
56,23,3,28,25
56,23,4,95,61
56,23,5,317,178
56,23,6,1399,475
56,23,7,5660,1383
56,23,8,19409,3994
56,24,2,7,7
56,24,3,24,19
56,24,4,73,52
56,24,5,248,140
56,24,6,946,360
56,24,7,3843,1018
56,24,8,13725,2702
57,3,2,532,532
57,4,2,271,271
57,4,3,7453,7453
57,5,2,161,160
57,5,3,3210,3033
57,5,4,81842,79002
57,6,2,114,114
57,6,3,1704,1492
57,6,4,32961,26391
57,7,2,82,82
57,7,3,1061,839
57,7,4,16944,11710
57,8,2,57,57
57,8,3,656,570
57,8,4,8504,5757
57,9,2,51,47
57,9,3,398,355
57,9,4,5458,3148
57,9,5,75512,34536
57,10,2,42,40
57,10,3,337,263
57,10,4,3591,1956
57,10,5,39127,17100
57,11,2,36,34
57,11,3,248,208
57,11,4,2344,1306
57,11,5,23166,9576
57,12,2,29,29
57,12,3,185,148
57,12,4,1470,874
57,12,5,12553,5852
57,13,2,25,24
57,13,3,143,119
57,13,4,1015,615
57,13,5,9009,3684
57,13,6,68833,23840
57,14,2,21,21
57,14,3,110,90
57,14,4,696,477
57,14,5,5616,2423
57,14,6,44248,13839
57,15,2,19,19
57,15,3,84,76
57,15,4,587,335
57,15,5,2833,1672
57,15,6,27060,8436
57,16,2,18,16
57,16,3,81,65
57,16,4,469,268
57,16,5,2280,1105
57,16,6,17671,5440
57,17,2,16,14
57,17,3,66,51
57,17,4,330,212
57,17,5,1926,869
57,17,6,11359,3488
57,17,7,69073,15622
57,18,2,13,13
57,18,3,53,45
57,18,4,222,159
57,18,5,1425,618
57,18,6,7734,2483
57,18,7,44002,9858
57,19,2,13,13
57,19,3,44,39
57,19,4,183,132
57,19,5,1082,432
57,19,6,5412,1635
57,19,7,27729,6525
57,20,2,12,12
57,20,3,39,36
57,20,4,135,112
57,20,5,848,362
57,20,6,3870,1160
57,20,7,18260,4085
57,20,8,89253,17046
57,21,2,11,11
57,21,3,35,30
57,21,4,123,93
57,21,5,581,283
57,21,6,2881,863
57,21,7,12629,2774
57,21,8,54587,9509
57,22,2,10,10
57,22,3,32,29
57,22,4,114,78
57,22,5,447,228
57,22,6,2174,684
57,22,7,9121,2115
57,22,8,35339,6537
57,23,2,9,9
57,23,3,28,25
57,23,4,101,65
57,23,5,332,184
57,23,6,1585,501
57,23,7,6510,1522
57,23,8,24118,4746
57,24,2,8,8
57,24,3,26,22
57,24,4,80,60
57,24,5,263,145
57,24,6,1204,423
57,24,7,4378,1129
57,24,8,16445,3285
58,3,2,561,561
58,4,2,276,276
58,4,3,7714,7714
58,5,2,174,174
58,5,3,3415,3144
58,5,4,89060,86455
58,6,2,117,116
58,6,3,1798,1547
58,6,4,34589,29319
58,7,2,84,83
58,7,3,1136,945
58,7,4,18553,12363
58,8,2,66,66
58,8,3,687,595
58,8,4,8990,6083
58,9,2,52,52
58,9,3,410,368
58,9,4,5938,3674
58,9,5,79810,37101
58,10,2,43,41
58,10,3,342,273
58,10,4,3807,2059
58,10,5,43208,18259
58,11,2,37,34
58,11,3,262,211
58,11,4,2538,1387
58,11,5,25250,10314
58,12,2,30,29
58,12,3,195,165
58,12,4,1610,1006
58,12,5,13318,6313
58,13,2,27,25
58,13,3,149,130
58,13,4,1121,661
58,13,5,10161,3900
58,13,6,77135,26110
58,14,2,21,21
58,14,3,116,100
58,14,4,789,493
58,14,5,5962,2548
58,14,6,46520,15263
58,15,2,20,20
58,15,3,86,82
58,15,4,603,348
58,15,5,3141,1845
58,15,6,32338,9369
58,16,2,18,17
58,16,3,82,69
58,16,4,504,276
58,16,5,2371,1215
58,16,6,19630,6061
58,17,2,16,14
58,17,3,72,55
58,17,4,366,222
58,17,5,2089,915
58,17,6,13230,3770
58,17,7,78484,18560
58,18,2,14,14
58,18,3,58,46
58,18,4,228,165
58,18,5,1558,684
58,18,6,8683,2801
58,18,7,50207,11240
58,19,2,13,13
58,19,3,46,41
58,19,4,209,138
58,19,5,1264,486
58,19,6,5842,1887
58,19,7,32454,7580
58,20,2,12,12
58,20,3,39,38
58,20,4,141,114
58,20,5,869,383
58,20,6,4064,1253
58,20,7,20216,4742
58,21,2,11,11
58,21,3,38,34
58,21,4,130,100
58,21,5,683,310
58,21,6,3323,1000
58,21,7,14107,3204
58,21,8,62988,11283
58,22,2,10,10
58,22,3,33,29
58,22,4,115,80
58,22,5,476,246
58,22,6,2333,747
58,22,7,10357,2276
58,22,8,39668,7314
58,23,2,10,10
58,23,3,32,26
58,23,4,106,74
58,23,5,362,197
58,23,6,1825,580
58,23,7,7324,1726
58,23,8,27115,5334
58,24,2,9,9
58,24,3,27,22
58,24,4,89,61
58,24,5,282,158
58,24,6,1348,445
58,24,7,4971,1211
58,24,8,18973,3679
59,3,2,571,571
59,4,2,295,295
59,4,3,8275,8275
59,5,2,177,177
59,5,3,3640,3257
59,5,4,95817,91026
59,6,2,119,118
59,6,3,1908,1711
59,6,4,36295,30916
59,7,2,86,85
59,7,3,1166,978
59,7,4,19781,13039
59,8,2,67,67
59,8,3,737,613
59,8,4,9411,6970
59,9,2,55,54
59,9,3,465,433
59,9,4,6338,3901
59,9,5,88702,39878
59,10,2,48,43
59,10,3,347,307
59,10,4,4195,2172
59,10,5,47610,21677
59,11,2,37,35
59,11,3,279,220
59,11,4,2726,1465
59,11,5,28287,11044
59,12,2,31,30
59,12,3,198,168
59,12,4,1664,1038
59,12,5,14033,6820
59,13,2,28,26
59,13,3,162,132
59,13,4,1223,749
59,13,5,11250,4566
59,13,6,87278,28652
59,14,2,24,22
59,14,3,132,106
59,14,4,860,548
59,14,5,6845,2786
59,14,6,55451,16436
59,15,2,20,20
59,15,3,93,83
59,15,4,615,394
59,15,5,3564,1940
59,15,6,35455,10023
59,16,2,19,18
59,16,3,83,74
59,16,4,540,303
59,16,5,2465,1284
59,16,6,22121,6804
59,17,2,17,15
59,17,3,74,59
59,17,4,403,240
59,17,5,2195,963
59,17,6,14106,4217
59,17,7,86328,21036
59,18,2,15,14
59,18,3,61,47
59,18,4,266,181
59,18,5,1722,728
59,18,6,9730,3000
59,18,7,55559,12358
59,19,2,13,13
59,19,3,53,44
59,19,4,219,143
59,19,5,1364,513
59,19,6,6437,2124
59,19,7,35400,8698
59,20,2,12,12
59,20,3,40,39
59,20,4,153,121
59,20,5,1011,408
59,20,6,4670,1434
59,20,7,22561,5567
59,21,2,12,12
59,21,3,39,34
59,21,4,136,107
59,21,5,752,321
59,21,6,3696,1077
59,21,7,15366,3521
59,21,8,72129,13323
59,22,2,11,11
59,22,3,36,30
59,22,4,124,92
59,22,5,558,269
59,22,6,2820,832
59,22,7,11392,2682
59,22,8,47396,8593
59,23,2,10,10
59,23,3,32,26
59,23,4,110,75
59,23,5,402,206
59,23,6,1983,632
59,23,7,8003,1917
59,23,8,31729,5839
59,24,2,9,9
59,24,3,28,25
59,24,4,92,64
59,24,5,305,182
59,24,6,1489,485
59,24,7,5795,1426
59,24,8,21977,4244
60,3,2,600,600
60,4,2,300,300
60,4,3,8565,8565
60,5,2,180,180
60,5,3,3778,3540
60,6,2,128,120
60,6,3,1950,1770
60,6,4,38059,32570
60,7,2,91,86
60,7,3,1196,1012
60,7,4,20788,14667
60,8,2,68,68
60,8,3,786,638
60,8,4,9882,7335
60,9,2,57,54
60,9,3,492,447
60,9,4,6767,4087
60,9,5,95529,46467
60,10,2,48,44
60,10,3,362,324
60,10,4,4480,2598
60,10,5,52185,23406
60,11,2,38,36
60,11,3,303,235
60,11,4,2940,1675
60,11,5,31103,11848
60,12,2,31,30
60,12,3,206,175
60,12,4,1866,1100
60,12,5,14871,7325
60,13,2,28,27
60,13,3,167,139
60,13,4,1318,776
60,13,5,12154,4791
60,14,2,25,22
60,14,3,140,112
60,14,4,941,566
60,14,5,7554,3210
60,14,6,59803,19569
60,15,2,21,20
60,15,3,104,88
60,15,4,627,424
60,15,5,4055,2192
60,15,6,38174,11144
60,16,2,19,19
60,16,3,83,75
60,16,4,559,312
60,16,5,2536,1478
60,16,6,24438,7275
60,17,2,18,16
60,17,3,77,64
60,17,4,438,262
60,17,5,2297,1070
60,17,6,16300,4532
60,18,2,15,14
60,18,3,65,50
60,18,4,302,197
60,18,5,1855,800
60,18,6,10567,3210
60,18,7,64914,14057
60,19,2,13,13
60,19,3,54,45
60,19,4,238,149
60,19,5,1536,572
60,19,6,7640,2299
60,19,7,40441,9474
60,20,2,12,12
60,20,3,45,39
60,20,4,197,132
60,20,5,1095,429
60,20,6,5069,1539
60,20,7,26742,6372
60,21,2,12,12
60,21,3,39,36
60,21,4,140,112
60,21,5,797,346
60,21,6,4084,1166
60,21,7,18098,4098
60,21,8,83221,15906
60,22,2,11,11
60,22,3,37,33
60,22,4,128,93
60,22,5,612,292
60,22,6,2879,876
60,22,7,12514,2938
60,22,8,53738,9603
60,23,2,10,10
60,23,3,32,29
60,23,4,122,79
60,23,5,466,240
60,23,6,2312,702
60,23,7,9273,2171
60,23,8,36803,6997
60,24,2,9,9
60,24,3,28,25
60,24,4,93,65
60,24,5,322,188
60,24,6,1660,515
60,24,7,6709,1580
60,24,8,24551,4793
61,3,2,610,610
61,4,2,305,305
61,4,3,9155,9150
61,5,2,183,183
61,5,3,3917,3660
61,6,2,132,122
61,6,3,2130,1830
61,6,4,39876,35990
61,7,2,95,88
61,7,3,1311,1046
61,7,4,22534,15425
61,8,2,71,69
61,8,3,854,656
61,8,4,10300,7717
61,9,2,57,55
61,9,3,512,461
61,9,4,7160,4325
61,10,2,49,45
61,10,3,380,330
61,10,4,4896,2727
61,10,5,56940,24931
61,11,2,40,37
61,11,3,322,244
61,11,4,3174,1797
61,11,5,33621,14408
61,12,2,31,31
61,12,3,216,183
61,12,4,2010,1195
61,12,5,16085,8515
61,13,2,29,27
61,13,3,170,141
61,13,4,1413,822
61,13,5,13546,5162
61,14,2,25,23
61,14,3,141,118
61,14,4,1020,606
61,14,5,8500,3382
61,14,6,67889,20876
61,15,2,21,21
61,15,3,109,90
61,15,4,640,456
61,15,5,4709,2302
61,15,6,43777,13054
61,16,2,20,19
61,16,3,84,77
61,16,4,602,336
61,16,5,2568,1617
61,16,6,27567,8357
61,17,2,18,16
61,17,3,77,69
61,17,4,470,270
61,17,5,2376,1120
61,17,6,17438,5304
61,18,2,16,14
61,18,3,68,55
61,18,4,313,217
61,18,5,2121,888
61,18,6,11824,3627
61,18,7,73273,15359
61,19,2,13,13
61,19,3,58,45
61,19,4,258,161
61,19,5,1611,633
61,19,6,8176,2569
61,19,7,45286,10306
61,20,2,13,13
61,20,3,45,41
61,20,4,210,138
61,20,5,1217,455
61,20,6,5533,1745
61,20,7,29970,7012
61,21,2,12,12
61,21,3,39,37
61,21,4,153,114
61,21,5,901,384
61,21,6,4339,1247
61,21,7,20769,4471
61,22,2,11,11
61,22,3,38,34
61,22,4,132,100
61,22,5,667,311
61,22,6,3597,960
61,22,7,14444,3233
61,22,8,61530,11363
61,23,2,10,10
61,23,3,36,30
61,23,4,126,88
61,23,5,503,247
61,23,6,2613,775
61,23,7,10475,2324
61,23,8,40528,7793
61,24,2,10,10
61,24,3,32,26
61,24,4,110,74
61,24,5,396,201
61,24,6,1920,610
61,24,7,7531,1785
61,24,8,28843,5518
62,3,2,641,641
62,4,2,326,326
62,4,3,9455,9455
62,5,2,199,199
62,5,3,4053,3782
62,6,2,135,135
62,6,3,2230,1891
62,6,4,41677,37820
62,7,2,98,98
62,7,3,1363,1081
62,7,4,24074,16209
62,8,2,72,70
62,8,3,893,682
62,8,4,10730,8107
62,9,2,58,57
62,9,3,517,476
62,9,4,7444,4520
62,10,2,50,46
62,10,3,402,341
62,10,4,5198,2859
62,10,5,61799,26815
62,11,2,40,40
62,11,3,331,254
62,11,4,3422,1860
62,11,5,36960,15371
62,12,2,31,31
62,12,3,248,192
62,12,4,2128,1261
62,12,5,19184,9285
62,13,2,29,29
62,13,3,175,148
62,13,4,1530,873
62,13,5,14665,5700
62,14,2,26,24
62,14,3,149,120
62,14,4,1074,625
62,14,5,9105,3641
62,14,6,74540,22861
62,15,2,21,21
62,15,3,113,96
62,15,4,651,488
62,15,5,5085,2505
62,15,6,47985,13979
62,16,2,20,20
62,16,3,84,82
62,16,4,615,349
62,16,5,2595,1767
62,16,6,31186,8921
62,17,2,19,17
62,17,3,82,70
62,17,4,511,281
62,17,5,2447,1226
62,17,6,19747,5898
62,18,2,17,15
62,18,3,73,56
62,18,4,342,238
62,18,5,2185,930
62,18,6,13103,3858
62,18,7,82184,16785
62,19,2,15,14
62,19,3,63,47
62,19,4,291,180
62,19,5,1777,709
62,19,6,8854,2898
62,19,7,51616,11836
62,20,2,13,13
62,20,3,46,42
62,20,4,218,140
62,20,5,1329,500
62,20,6,6344,1963
62,20,7,34357,7964
62,21,2,12,12
62,21,3,40,39
62,21,4,177,122
62,21,5,968,408
62,21,6,4643,1344
62,21,7,22891,5152
62,22,2,12,12
62,22,3,39,34
62,22,4,139,105
62,22,5,701,322
62,22,6,3658,1083
62,22,7,15178,3515
62,22,8,70002,12601
62,23,2,11,11
62,23,3,37,30
62,23,4,127,92
62,23,5,553,270
62,23,6,2994,839
62,23,7,11074,2588
62,23,8,46936,8716
62,24,2,10,10
62,24,3,32,26
62,24,4,111,78
62,24,5,423,228
62,24,6,2060,639
62,24,7,7966,2003
62,24,8,32862,6004
63,3,2,651,651
63,4,2,331,331
63,4,3,10096,10096
63,5,2,202,202
63,5,3,4208,4108
63,6,2,140,137
63,6,3,2318,2090
63,6,4,43612,39711
63,7,2,100,99
63,7,3,1395,1215
63,7,4,26093,17019
63,8,2,72,71
63,8,3,912,772
63,8,4,11102,8513
63,9,2,59,58
63,9,3,520,490
63,9,4,7701,4774
63,10,2,51,47
63,10,3,417,360
63,10,4,5663,2999
63,10,5,67163,28476
63,11,2,42,41
63,11,3,348,264
63,11,4,3652,1953
63,11,5,40184,16375
63,12,2,37,34
63,12,3,260,210
63,12,4,2330,1334
63,12,5,20871,9765
63,13,2,30,30
63,13,3,180,151
63,13,4,1669,931
63,13,5,16025,6111
63,14,2,27,26
63,14,3,158,131
63,14,4,1197,666
63,14,5,10494,3929
63,14,6,80905,25110
63,15,2,21,21
63,15,3,123,101
63,15,4,651,504
63,15,5,5684,2625
63,15,6,53023,15293
63,16,2,20,20
63,16,3,84,83
63,16,4,620,378
63,16,5,2604,1922
63,16,6,34080,9864
63,17,2,19,18
63,17,3,83,75
63,17,4,533,304
63,17,5,2551,1294
63,17,6,21554,6549
63,18,2,17,15
63,18,3,76,60
63,18,4,376,245
63,18,5,2284,984
63,18,6,14385,4291
63,19,2,15,14
63,19,3,65,50
63,19,4,311,186
63,19,5,1979,790
63,19,6,9979,3084
63,19,7,58955,12793
63,20,2,13,13
63,20,3,56,45
63,20,4,227,149
63,20,5,1464,567
63,20,6,7135,2234
63,20,7,38119,9129
63,21,2,12,12
63,21,3,40,39
63,21,4,202,126
63,21,5,1026,420
63,21,6,5411,1500
63,21,7,25593,5889
63,22,2,12,12
63,22,3,39,36
63,22,4,145,112
63,22,5,823,350
63,22,6,3916,1169
63,22,7,17188,3849
63,22,8,80696,13926
63,23,2,11,11
63,23,3,38,33
63,23,4,128,94
63,23,5,589,288
63,23,6,3102,882
63,23,7,12770,2967
63,23,8,52427,9629
63,24,2,10,10
63,24,3,32,29
63,24,4,122,79
63,24,5,458,242
63,24,6,2279,709
63,24,7,9109,2203
63,24,8,35700,6794
64,3,2,683,683
64,4,2,336,336
64,4,3,10416,10416
64,5,2,205,205
64,5,3,4352,4237
64,6,2,142,139
64,6,3,2440,2155
64,6,4,45143,43819
64,7,2,102,101
64,7,3,1470,1253
64,7,4,27669,19109
64,8,2,72,72
64,8,3,916,792
64,8,4,11160,9720
64,9,2,60,59
64,9,3,520,505
64,9,4,8583,5490
64,10,2,52,48
64,10,3,433,372
64,10,4,6084,3136
64,10,5,72529,30554
64,11,2,44,41
64,11,3,357,274
64,11,4,3927,2095
64,11,5,40906,17449
64,12,2,37,35
64,12,3,273,219
64,12,4,2398,1408
64,12,5,23230,10416
64,13,2,31,30
64,13,3,198,168
64,13,4,1792,1034
64,13,5,17114,6568
64,14,2,28,27
64,14,3,164,138
64,14,4,1301,691
64,14,5,11228,4256
64,14,6,90146,26675
64,15,2,25,22
64,15,3,137,111
64,15,4,809,559
64,15,5,6467,2842
64,15,6,59604,16764
64,16,2,20,20
64,16,3,84,84
64,16,4,620,404
64,16,5,2604,2016
64,16,6,37037,10500
64,17,2,19,19
64,17,3,84,76
64,17,4,570,313
64,17,5,2593,1424
64,17,6,24150,7236
64,18,2,18,16
64,18,3,77,64
64,18,4,421,267
64,18,5,2365,1081
64,18,6,15698,4601
64,19,2,15,14
64,19,3,71,51
64,19,4,341,203
64,19,5,2162,826
64,19,6,10691,3315
64,19,7,64794,14454
64,20,2,13,13
64,20,3,59,45
64,20,4,246,160
64,20,5,1596,596
64,20,6,7605,2528
64,20,7,40948,9869
64,21,2,13,13
64,21,3,48,41
64,21,4,210,138
64,21,5,1206,455
64,21,6,6161,1728
64,21,7,28226,6809
64,22,2,12,12
64,22,3,40,37
64,22,4,164,114
64,22,5,861,367
64,22,6,4567,1222
64,22,7,20498,4364
64,23,2,11,11
64,23,3,38,34
64,23,4,132,101
64,23,5,665,312
64,23,6,3618,974
64,23,7,14388,3253
64,23,8,57978,10711
64,24,2,10,10
64,24,3,32,30
64,24,4,123,88
64,24,5,509,251
64,24,6,2394,768
64,24,7,10112,2352
64,24,8,39517,7912
65,3,2,694,694
65,4,2,358,358
65,4,3,11099,11099
65,5,2,208,208
65,5,3,4368,4368
65,6,2,143,141
65,6,3,2546,2221
65,6,4,49302,45901
65,7,2,103,103
65,7,3,1560,1291
65,7,4,29431,20011
65,8,2,82,82
65,8,3,1017,821
65,8,4,12630,10181
65,9,2,61,60
65,9,3,520,520
65,9,4,9087,5720
65,10,2,53,52
65,10,3,456,384
65,10,4,6505,3283
65,10,5,78083,35685
65,11,2,47,42
65,11,3,377,284
65,11,4,4165,2199
65,11,5,46485,18532
65,12,2,38,36
65,12,3,287,223
65,12,4,2643,1485
65,12,5,26385,11348
65,13,2,31,30
65,13,3,206,175
65,13,4,1924,1095
65,13,5,19454,7040
65,14,2,29,27
65,14,3,167,140
65,14,4,1360,780
65,14,5,12521,4801
65,15,2,25,23
65,15,3,144,117
65,15,4,831,598
65,15,5,7095,2995
65,15,6,66538,18443
65,16,2,21,21
65,16,3,109,90
65,16,4,670,451
65,16,5,3413,2271
65,16,6,42423,11546
65,17,2,20,19
65,17,3,84,77
65,17,4,585,322
65,17,5,2602,1545
65,17,6,25958,7709
65,18,2,18,17
65,18,3,77,69
65,18,4,453,275
65,18,5,2435,1131
65,18,6,16989,5143
65,19,2,17,14
65,19,3,74,55
65,19,4,365,220
65,19,5,2246,914
65,19,6,11430,3699
65,19,7,78082,15741
65,20,2,13,13
65,20,3,63,46
65,20,4,285,166
65,20,5,1722,660
65,20,6,8101,2685
65,20,7,48702,10774
65,21,2,13,13
65,21,3,51,42
65,21,4,216,140
65,21,5,1298,496
65,21,6,6620,1845
65,21,7,32586,7825
65,22,2,12,12
65,22,3,40,39
65,22,4,185,122
65,22,5,960,408
65,22,6,5090,1345
65,22,7,22996,5106
65,23,2,12,12
65,23,3,39,34
65,23,4,140,105
65,23,5,754,323
65,23,6,4088,1038
65,23,7,16030,3454
65,23,8,74078,12334
65,24,2,11,11
65,24,3,37,30
65,24,4,124,93
65,24,5,559,274
65,24,6,3028,845
65,24,7,12014,2638
65,24,8,48849,8811
66,3,2,726,726
66,4,2,363,363
66,4,3,11451,11451
66,5,2,225,225
66,5,3,4726,4726
66,6,2,143,143
66,6,3,2602,2288
66,6,4,53471,48048
66,7,2,110,104
66,7,3,1598,1330
66,7,4,31720,20941
66,8,2,83,83
66,8,3,1058,850
66,8,4,13600,10651
66,9,2,68,66
66,9,3,602,602
66,9,4,9403,6021
66,10,2,54,53
66,10,3,476,396
66,10,4,6857,3432
66,10,5,83688,37752
66,11,2,48,44
66,11,3,389,312
66,11,4,4398,2304
66,11,5,49321,19698
66,12,2,39,37
66,12,3,310,231
66,12,4,2827,1562
66,12,5,28502,12095
66,13,2,32,31
66,13,3,218,183
66,13,4,2046,1133
66,13,5,20961,7540
66,14,2,29,28
66,14,3,171,142
66,14,4,1404,825
66,14,5,13626,5163
66,15,2,26,24
66,15,3,150,119
66,15,4,911,616
66,15,5,7892,3432
66,15,6,72776,21125
66,16,2,22,21
66,16,3,112,95
66,16,4,685,483
66,16,5,3905,2467
66,16,6,48167,12355
66,17,2,20,20
66,17,3,89,82
66,17,4,594,350
66,17,5,2742,1751
66,17,6,29097,8817
66,18,2,18,17
66,18,3,77,70
66,18,4,461,283
66,18,5,2512,1186
66,18,6,18302,5665
66,19,2,17,15
66,19,3,75,60
66,19,4,391,240
66,19,5,2273,956
66,19,6,12549,3929
66,19,7,88889,16962
66,20,2,15,14
66,20,3,65,48
66,20,4,299,182
66,20,5,1857,726
66,20,6,8939,3017
66,20,7,55527,12207
66,21,2,13,13
66,21,3,54,43
66,21,4,233,145
66,21,5,1365,522
66,21,6,6907,2075
66,21,7,37731,8439
66,22,2,13,13
66,22,3,40,39
66,22,4,207,126
66,22,5,1042,420
66,22,6,5415,1488
66,22,7,25899,5535
66,23,2,12,12
66,23,3,40,36
66,23,4,153,112
66,23,5,800,351
66,23,6,4352,1171
66,23,7,18474,3860
66,23,8,83531,13625
66,24,2,11,11
66,24,3,37,33
66,24,4,130,94
66,24,5,624,289
66,24,6,3197,889
66,24,7,13308,2855
66,24,8,55641,9499
67,3,2,737,737
67,4,2,369,369
67,4,3,12166,12161
67,5,2,228,228
67,5,3,5062,4865
67,6,2,157,157
67,6,3,2800,2513
67,6,4,57962,52774
67,7,2,115,106
67,7,3,1628,1370
67,7,4,33525,21900
67,8,2,85,84
67,8,3,1116,871
67,8,4,15174,11139
67,9,2,69,67
67,9,3,623,618
67,9,4,10382,6328
67,10,2,57,55
67,10,3,519,443
67,10,4,7429,4034
67,10,5,90701,40341
67,11,2,49,45
67,11,3,405,323
67,11,4,4640,2412
67,11,5,51975,20904
67,12,2,40,38
67,12,3,320,246
67,12,4,2916,1742
67,12,5,31717,12864
67,13,2,33,31
67,13,3,233,191
67,13,4,2185,1191
67,13,5,22595,8051
67,14,2,30,29
67,14,3,176,149
67,14,4,1591,876
67,14,5,14804,5423
67,15,2,27,25
67,15,3,153,126
67,15,4,999,635
67,15,5,8855,3685
67,15,6,81125,23062
67,16,2,22,21
67,16,3,115,101
67,16,4,818,499
67,16,5,4396,2580
67,16,6,52114,14372
67,17,2,20,20
67,17,3,90,83
67,17,4,623,375
67,17,5,3166,1904
67,17,6,32466,9723
67,18,2,19,18
67,18,3,83,75
67,18,4,516,306
67,18,5,2639,1303
67,18,6,20402,6518
67,19,2,17,16
67,19,3,76,60
67,19,4,424,247
67,19,5,2364,998
67,19,6,13265,4183
67,20,2,15,14
67,20,3,66,51
67,20,4,311,201
67,20,5,1980,804
67,20,6,9739,3203
67,20,7,63351,13163
67,21,2,14,14
67,21,3,58,45
67,21,4,253,154
67,21,5,1541,581
67,21,6,7228,2317
67,21,7,42387,9626
67,22,2,13,13
67,22,3,40,40
67,22,4,214,131
67,22,5,1178,442
67,22,6,5850,1590
67,22,7,28557,6320
67,23,2,12,12
67,23,3,40,38
67,23,4,168,114
67,23,5,894,368
67,23,6,4809,1224
67,23,7,20755,4335
67,24,2,12,12
67,24,3,39,34
67,24,4,132,101
67,24,5,685,313
67,24,6,3600,980
67,24,7,14728,3270
67,24,8,64493,10776
68,3,2,771,771
68,4,2,391,391
68,4,3,12529,12529
68,5,2,232,232
68,5,3,5329,5019
68,6,2,160,159
68,6,3,2961,2584
68,6,4,62762,55137
68,7,2,118,117
68,7,3,1772,1526
68,7,4,36154,24412
68,8,2,88,85
68,8,3,1132,901
68,8,4,16200,11645
68,9,2,71,68
68,9,3,663,635
68,9,4,10932,6582
68,10,2,58,56
68,10,3,530,456
68,10,4,7898,4203
68,11,2,50,46
68,11,3,418,340
68,11,4,4946,2739
68,11,5,58712,24938
68,12,2,40,40
68,12,3,323,255
68,12,4,3012,1831
68,12,5,34287,13668
68,13,2,33,32
68,13,3,251,199
68,13,4,2311,1287
68,13,5,24713,9112
68,14,2,30,30
68,14,3,178,151
68,14,4,1703,928
68,14,5,16194,5785
68,15,2,28,26
68,15,3,156,132
68,15,4,1068,676
68,15,5,9734,3972
68,15,6,87784,24585
68,16,2,23,22
68,16,3,121,107
68,16,4,853,536
68,16,5,5002,2699
68,16,6,56959,15662
68,17,2,21,20
68,17,3,94,84
68,17,4,657,404
68,17,5,3515,1996
68,17,6,35887,10320
68,18,2,19,19
68,18,3,84,76
68,18,4,555,314
68,18,5,2649,1417
68,18,6,22207,7193
68,19,2,18,16
68,19,3,80,65
68,19,4,464,269
68,19,5,2437,1096
68,19,6,14843,4664
68,20,2,16,14
68,20,3,68,55
68,20,4,330,204
68,20,5,2115,840
68,20,6,10209,3394
68,20,7,68609,14223
68,21,2,14,14
68,21,3,59,46
68,21,4,253,166
68,21,5,1619,651
68,21,6,8015,2604
68,21,7,46094,10372
68,22,2,13,13
68,22,3,51,44
68,22,4,221,140
68,22,5,1282,476
68,22,6,6253,1796
68,22,7,33956,7162
68,23,2,12,12
68,23,3,40,39
68,23,4,185,119
68,23,5,963,388
68,23,6,5116,1307
68,23,7,22997,4701
68,24,2,12,12
68,24,3,39,34
68,24,4,142,108
68,24,5,755,323
68,24,6,3990,1043
68,24,7,16678,3468
68,24,8,71601,11589
69,3,2,782,782
69,4,2,397,397
69,4,3,13300,13300
69,5,2,237,235
69,5,3,5622,5397
69,6,2,163,161
69,6,3,3121,2668
69,6,4,67950,57719
69,7,2,121,119
69,7,3,1855,1568
69,7,4,37779,25472
69,8,2,90,87
69,8,3,1213,1010
69,8,4,17933,13162
69,9,2,72,69
69,9,3,728,652
69,9,4,11967,6908
69,10,2,59,57
69,10,3,539,470
69,10,4,8327,4382
69,11,2,51,47
69,11,3,436,352
69,11,4,5240,2861
69,11,5,62335,26365
69,12,2,42,41
69,12,3,350,265
69,12,4,3284,1955
69,12,5,37787,15750
69,13,2,37,35
69,13,3,267,213
69,13,4,2436,1354
69,13,5,26538,9719
69,14,2,31,30
69,14,3,189,158
69,14,4,1786,981
69,14,5,17401,6344
69,15,2,28,27
69,15,3,164,138
69,15,4,1171,695
69,15,5,10687,4269
69,16,2,25,22
69,16,3,128,113
69,16,4,901,570
69,16,5,5942,2916
69,16,6,64449,17130
69,17,2,21,21
69,17,3,95,90
69,17,4,668,435
69,17,5,4047,2176
69,17,6,39130,10955
69,18,2,20,19
69,18,3,84,77
69,18,4,597,322
69,18,5,3300,1549
69,18,6,24061,7652
69,19,2,18,17
69,19,3,83,69
69,19,4,487,276
69,19,5,2503,1141
69,19,6,16431,5146
69,20,2,17,15
69,20,3,74,56
69,20,4,379,225
69,20,5,2391,929
69,20,6,11514,3782
69,20,7,82405,16091
69,21,2,14,14
69,21,3,60,48
69,21,4,253,181
69,21,5,1677,671
69,21,6,8765,2760
69,21,7,52367,11152
69,22,2,13,13
69,22,3,54,44
69,22,4,226,145
69,22,5,1352,521
69,22,6,6520,2042
69,22,7,38296,8168
69,23,2,13,13
69,23,3,43,39
69,23,4,207,132
69,23,5,1085,420
69,23,6,5589,1428
69,23,7,25848,5388
69,24,2,12,12
69,24,3,40,36
69,24,4,156,113
69,24,5,755,343
69,24,6,4488,1116
69,24,7,18794,3758
69,24,8,88007,12717
70,3,2,817,817
70,4,2,403,403
70,4,3,13685,13685
70,5,2,252,252
70,5,3,5911,5558
70,6,2,172,164
70,6,3,3258,2742
70,6,4,73301,62965
70,7,2,124,120
70,7,3,1968,1610
70,7,4,40725,26680
70,8,2,92,88
70,8,3,1240,1042
70,8,4,19150,13720
70,9,2,73,70
70,9,3,779,677
70,9,4,12635,7856
70,10,2,60,58
70,10,3,546,483
70,10,4,8717,4564
70,11,2,52,48
70,11,3,448,363
70,11,4,5552,2991
70,11,5,67095,27886
70,12,2,42,41
70,12,3,371,275
70,12,4,3345,2054
70,12,5,42063,16690
70,13,2,38,36
70,13,3,285,221
70,13,4,2594,1427
70,13,5,28102,10528
70,14,2,32,30
70,14,3,207,175
70,14,4,1814,1065
70,14,5,18821,6770
70,15,2,29,27
70,15,3,168,140
70,15,4,1285,738
70,15,5,11670,4578
70,16,2,26,23
70,16,3,136,119
70,16,4,995,604
70,16,5,6552,3041
70,16,6,70825,18677
70,17,2,22,21
70,17,3,116,91
70,17,4,759,466
70,17,5,4324,2348
70,17,6,43312,12008
70,18,2,20,20
70,18,3,85,82
70,18,4,604,350
70,18,5,3502,1692
70,18,6,25908,8463
70,19,2,19,18
70,19,3,83,70
70,19,4,530,284
70,19,5,2565,1194
70,19,6,17661,5707
70,20,2,17,15
70,20,3,75,60
70,20,4,393,242
70,20,5,2466,966
70,20,6,12844,3994
70,20,7,89882,17252
70,21,2,16,14
70,21,3,66,50
70,21,4,319,187
70,21,5,1958,750
70,21,6,9649,3097
70,21,7,60398,12607
70,22,2,13,13
70,22,3,56,45
70,22,4,247,153
70,22,5,1474,576
70,22,6,7171,2135
70,22,7,41660,8782
70,23,2,13,13
70,23,3,45,40
70,23,4,211,134
70,23,5,1188,442
70,23,6,5706,1586
70,23,7,29665,6215
70,24,2,12,12
70,24,3,40,38
70,24,4,173,114
70,24,5,759,385
70,24,6,4655,1225
70,24,7,20771,4165
71,3,2,829,829
71,4,2,426,426
71,4,3,14502,14502
71,5,2,257,256
71,5,3,6228,5723
71,6,2,177,166
71,6,3,3398,2982
71,6,4,79053,65770
71,7,2,127,122
71,7,3,2076,1664
71,7,4,42720,27812
71,8,2,96,90
71,8,3,1271,1065
71,8,4,21049,14290
71,9,2,73,71
71,9,3,818,695
71,9,4,13810,8221
71,10,2,61,59
71,10,3,555,497
71,10,4,9377,4807
71,11,2,52,49
71,11,3,459,375
71,11,4,5771,3118
71,11,5,74164,29459
71,12,2,46,42
71,12,3,380,284
71,12,4,3413,2148
71,12,5,45163,17697
71,13,2,39,37
71,13,3,299,224
71,13,4,2803,1502
71,13,5,29836,11218
71,14,2,33,31
71,14,3,218,183
71,14,4,2000,1121
71,14,5,20020,7237
71,15,2,29,28
71,15,3,170,142
71,15,4,1351,829
71,15,5,12700,5041
71,16,2,27,24
71,16,3,144,120
71,16,4,1074,622
71,16,5,7312,3275
71,16,6,77542,18185
71,17,2,23,21
71,17,3,122,97
71,17,4,827,497
71,17,5,4857,2523
71,17,6,48064,12701
71,18,2,21,20
71,18,3,93,83
71,18,4,651,359
71,18,5,3715,1839
71,18,6,29696,9262
71,19,2,19,18
71,19,3,84,75
71,19,4,560,307
71,19,5,2610,1308
71,19,6,19500,6323
71,20,2,18,16
71,20,3,77,64
71,20,4,424,249
71,20,5,2542,1009
71,20,6,13724,4239
71,21,2,16,14
71,21,3,69,51
71,21,4,336,203
71,21,5,2047,819
71,21,6,10394,3266
71,21,7,66500,13504
71,22,2,14,14
71,22,3,58,46
71,22,4,273,162
71,22,5,1630,604
71,22,6,8157,2421
71,22,7,47200,9995
71,23,2,13,13
71,23,3,46,42
71,23,4,214,139
71,23,5,1240,473
71,23,6,6222,1779
71,23,7,33191,6591
71,24,2,12,12
71,24,3,40,39
71,24,4,179,119
71,24,5,759,397
71,24,6,4883,1308
71,24,7,23271,4692
72,3,2,864,864
72,4,2,432,432
72,4,3,14922,14922
72,5,2,260,260
72,5,3,6557,6135
72,6,2,180,180
72,6,3,3430,3072
72,6,4,84944,68676
72,7,2,135,124
72,7,3,2161,1708
72,7,4,45069,30672
72,8,2,99,99
72,8,3,1294,1098
72,8,4,22403,14976
72,9,2,73,72
72,9,3,891,712
72,9,4,14569,8520
72,10,2,62,60
72,10,3,562,512
72,10,4,9949,5004
72,11,2,53,53
72,11,3,467,387
72,11,4,6256,3254
72,11,5,79429,31464
72,12,2,47,42
72,12,3,384,294
72,12,4,3432,2250
72,12,5,49444,18708
72,13,2,39,37
72,13,3,317,233
72,13,4,2970,1574
72,13,5,33101,11897
72,14,2,33,31
72,14,3,233,191
72,14,4,2174,1152
72,14,5,20349,7725
72,15,2,30,29
72,15,3,173,149
72,15,4,1485,879
72,15,5,13966,5381
72,16,2,27,25
72,16,3,156,126
72,16,4,1161,639
72,16,5,8014,3731
72,16,6,84232,22685
72,17,2,23,22
72,17,3,125,102
72,17,4,854,509
72,17,5,5609,2635
72,17,6,53168,13871
72,18,2,21,20
72,18,3,96,84
72,18,4,667,388
72,18,5,4352,1988
72,18,6,32198,10092
72,19,2,20,19
72,19,3,84,76
72,19,4,584,315
72,19,5,2709,1361
72,19,6,21985,6969
72,20,2,18,16
72,20,3,80,65
72,20,4,451,270
72,20,5,2596,1106
72,20,6,15211,4709
72,21,2,17,14
72,21,3,75,55
72,21,4,337,220
72,21,5,2273,854
72,21,6,11530,3460
72,21,7,71672,14534
72,22,2,15,14
72,22,3,59,46
72,22,4,303,167
72,22,5,1726,665
72,22,6,8902,2681
72,22,7,51668,10689
72,23,2,13,13
72,23,3,55,44
72,23,4,238,144
72,23,5,1391,508
72,23,6,7094,1891
72,23,7,37312,7579
72,24,2,12,12
72,24,3,40,39
72,24,4,180,126
72,24,5,759,417
72,24,6,4998,1419
72,24,7,25106,5337
73,3,2,876,876
73,4,2,438,438
73,4,3,15774,15768
73,5,2,268,264
73,5,3,6875,6308
73,6,2,185,183
73,6,3,3687,3164
73,6,4,91250,74643
73,7,2,137,126
73,7,3,2229,1878
73,7,4,47742,32037
73,8,2,101,101
73,8,3,1428,1132
73,8,4,24194,15586
73,9,2,73,73
73,9,3,943,803
73,9,4,15823,8906
73,10,2,64,61
73,10,3,584,526
73,10,4,10630,5198
73,11,2,54,54
73,11,3,498,399
73,11,4,6530,3398
73,11,5,86237,33209
73,12,2,49,45
73,12,3,387,323
73,12,4,3896,2355
73,12,5,54326,19796
73,13,2,39,38
73,13,3,325,236
73,13,4,3064,1652
73,13,5,35212,12635
73,14,2,34,32
73,14,3,248,193
73,14,4,2262,1215
73,14,5,22506,8208
73,15,2,30,30
73,15,3,176,151
73,15,4,1598,930
73,15,5,15010,5607
73,16,2,28,26
73,16,3,163,133
73,16,4,1251,680
73,16,5,9146,4011
73,16,6,93167,24551
73,17,2,24,22
73,17,3,132,108
73,17,4,924,542
73,17,5,6138,2745
73,17,6,58367,16022
73,18,2,21,21
73,18,3,100,90
73,18,4,742,414
73,18,5,4770,2065
73,18,6,36427,10687
73,19,2,20,19
73,19,3,85,77
73,19,4,593,323
73,19,5,2999,1491
73,19,6,24213,7639
73,20,2,19,17
73,20,3,83,70
73,20,4,486,278
73,20,5,2605,1150
73,20,6,17168,4968
73,21,2,17,15
73,21,3,76,56
73,21,4,348,226
73,21,5,2343,939
73,21,6,12812,3845
73,21,7,84684,16370
73,22,2,15,14
73,22,3,61,48
73,22,4,306,183
73,22,5,1937,730
73,22,6,9736,2834
73,22,7,59301,11481
73,23,2,13,13
73,23,3,56,45
73,23,4,256,146
73,23,5,1485,531
73,23,6,7764,2111
73,23,7,42266,8510
73,24,2,13,13
73,24,3,46,40
73,24,4,214,134
73,24,5,996,438
73,24,6,5939,1546
73,24,7,29937,5752
74,3,2,913,913
74,4,2,463,463
74,4,3,16206,16206
74,5,2,282,282
74,5,3,7103,6483
74,6,2,186,185
74,6,3,3856,3256
74,6,4,97734,77799
74,7,2,140,138
74,7,3,2277,1935
74,7,4,50484,33448
74,8,2,103,102
74,8,3,1473,1166
74,8,4,25426,17372
74,9,2,83,83
74,9,3,968,831
74,9,4,16710,9308
74,10,2,68,67
74,10,3,592,541
74,10,4,11125,5943
74,11,2,55,54
74,11,3,524,411
74,11,4,7038,3539
74,11,5,93993,34969
74,12,2,50,46
74,12,3,412,333
74,12,4,3991,2461
74,12,5,58427,20955
74,13,2,41,40
74,13,3,343,257
74,13,4,3355,1839
74,13,5,37337,13406
74,14,2,35,33
74,14,3,260,201
74,14,4,2360,1248
74,14,5,23404,8732
74,15,2,30,30
74,15,3,178,158
74,15,4,1710,953
74,15,5,16110,5994
74,16,2,28,27
74,16,3,167,139
74,16,4,1337,699
74,16,5,9897,4302
74,17,2,26,23
74,17,3,136,114
74,17,4,1015,579
74,17,5,6854,2960
74,17,6,59019,17460
74,18,2,21,21
74,18,3,103,91
74,18,4,744,444
74,18,5,5043,2229
74,18,6,39225,11285
74,19,2,20,20
74,19,3,85,82
74,19,4,627,351
74,19,5,3563,1613
74,19,6,26812,8043
74,20,2,19,18
74,20,3,84,71
74,20,4,508,285
74,20,5,2605,1196
74,20,6,18538,5517
74,21,2,18,16
74,21,3,77,60
74,21,4,381,247
74,21,5,2578,980
74,21,6,13876,4053
74,22,2,16,14
74,22,3,66,51
74,22,4,318,189
74,22,5,2020,761
74,22,6,10567,3159
74,22,7,64672,12934
74,23,2,13,13
74,23,3,60,46
74,23,4,275,155
74,23,5,1620,589
74,23,6,8271,2349
74,23,7,46913,9119
74,24,2,13,13
74,24,3,47,42
74,24,4,221,139
74,24,5,1062,451
74,24,6,6639,1638
74,24,7,32750,6509
75,3,2,925,925
75,4,2,469,469
75,4,3,17119,17119
75,5,2,285,285
75,5,3,7335,6945
75,6,2,190,188
75,6,3,3922,3525
75,6,4,105944,81038
75,7,2,142,140
75,7,3,2411,1983
75,7,4,52473,34886
75,8,2,105,104
75,8,3,1537,1294
75,8,4,27060,18141
75,9,2,84,84
75,9,3,1056,850
75,9,4,17187,9717
75,10,2,71,69
75,10,3,662,623
75,10,4,11839,6233
75,11,2,59,57
75,11,3,538,457
75,11,4,7452,3689
75,12,2,50,47
75,12,3,447,338
75,12,4,4320,2569
75,12,5,61444,22119
75,13,2,42,41
75,13,3,371,266
75,13,4,3528,1922
75,13,5,39853,14199
75,14,2,38,35
75,14,3,278,215
75,14,4,2550,1377
75,14,5,25467,9852
75,15,2,30,30
75,15,3,180,165
75,15,4,1810,1005
75,15,5,17358,6240
75,16,2,29,28
75,16,3,170,141
75,16,4,1440,741
75,16,5,10725,4468
75,17,2,27,23
75,17,3,145,120
75,17,4,1083,614
75,17,5,7600,3084
75,17,6,62361,18980
75,18,2,23,21
75,18,3,122,96
75,18,4,834,475
75,18,5,5702,2413
75,18,6,45129,12334
75,19,2,20,20
75,19,3,89,83
75,19,4,687,360
75,19,5,3870,1753
75,19,6,29090,8799
75,20,2,19,19
75,20,3,84,75
75,20,4,551,308
75,20,5,2859,1317
75,20,6,20820,6049
75,21,2,18,16
75,21,3,79,65
75,21,4,417,254
75,21,5,2588,1026
75,21,6,15250,4272
75,22,2,16,14
75,22,3,69,55
75,22,4,353,205
75,22,5,2233,843
75,22,6,11495,3341
75,22,7,73653,13818
75,23,2,15,14
75,23,3,62,46
75,23,4,295,167
75,23,5,1753,617
75,23,6,8832,2482
75,23,7,51562,10302
75,24,2,13,13
75,24,3,48,43
75,24,4,233,144
75,24,5,1096,485
75,24,6,7220,1841
75,24,7,36634,7341
76,3,2,963,963
76,4,2,475,475
76,4,3,17575,17575
76,5,2,289,289
76,5,3,7619,7129
76,6,2,190,190
76,6,3,4148,3610
76,6,4,113271,87970
76,7,2,144,142
76,7,3,2556,2042
76,7,4,56095,38272
76,8,2,110,105
76,8,3,1563,1330
76,8,4,28618,18839
76,9,2,86,85
76,9,3,1106,879
76,9,4,17826,10928
76,10,2,72,70
76,10,3,694,639
76,10,4,12575,6460
76,11,2,60,57
76,11,3,557,477
76,11,4,7934,4305
76,12,2,51,48
76,12,3,457,361
76,12,4,4556,2895
76,12,5,66256,23364
76,13,2,43,41
76,13,3,379,275
76,13,4,3640,1976
76,13,5,42486,15019
76,14,2,39,36
76,14,3,289,223
76,14,4,2732,1444
76,14,5,27374,10434
76,15,2,33,31
76,15,3,213,178
76,15,4,1906,1090
76,15,5,18905,6977
76,16,2,29,28
76,16,3,172,143
76,16,4,1533,784
76,16,5,11446,4774
76,17,2,27,24
76,17,3,152,126
76,17,4,1163,631
76,17,5,8265,3313
76,17,6,73077,18424
76,18,2,23,22
76,18,3,126,98
76,18,4,847,507
76,18,5,6257,2593
76,18,6,47932,13022
76,19,2,21,20
76,19,3,100,84
76,19,4,733,384
76,19,5,4192,1900
76,19,6,32285,9652
76,20,2,19,19
76,20,3,85,76
76,20,4,570,316
76,20,5,3349,1368
76,20,6,23225,6662
76,21,2,18,17
76,21,3,80,69
76,21,4,442,272
76,21,5,2588,1115
76,21,6,17139,4767
76,22,2,17,15
76,22,3,72,56
76,22,4,376,225
76,22,5,2262,878
76,22,6,12734,3545
76,22,7,76701,14758
76,23,2,15,14
76,23,3,65,48
76,23,4,306,182
76,23,5,1891,678
76,23,6,9723,2786
76,23,7,56211,11040
76,24,2,13,13
76,24,3,54,45
76,24,4,247,146
76,24,5,1210,529
76,24,6,7493,1954
76,24,7,40289,7860
77,3,2,976,976
77,4,2,501,501
77,4,3,18538,18538
77,5,2,296,293
77,5,3,7920,7315
77,6,2,206,206
77,6,3,4228,3709
77,6,4,120887,91489
77,7,2,148,143
77,7,3,2613,2090
77,7,4,59632,39710
77,8,2,115,106
77,8,3,1680,1367
77,8,4,30933,19655
77,9,2,88,86
77,9,3,1154,899
77,9,4,18455,11380
77,10,2,73,71
77,10,3,728,655
77,10,4,13346,6769
77,11,2,61,58
77,11,3,570,490
77,11,4,8416,4473
77,12,2,53,49
77,12,3,487,366
77,12,4,4959,3061
77,12,5,68179,27624
77,13,2,44,42
77,13,3,383,285
77,13,4,3947,2139
77,13,5,45344,17148
77,14,2,39,37
77,14,3,305,226
77,14,4,2846,1513
77,14,5,29720,10868
77,15,2,34,31
77,15,3,222,185
77,15,4,2046,1145
77,15,5,20101,7413
77,16,2,30,29
77,16,3,176,150
77,16,4,1628,857
77,16,5,13042,5246
77,17,2,27,25
77,17,3,154,127
77,17,4,1235,648
77,17,5,9041,3552
77,17,6,79719,19364
77,18,2,24,22
77,18,3,130,103
77,18,4,861,539
77,18,5,6513,2700
77,18,6,53145,14173
77,19,2,21,21
77,19,3,105,90
77,19,4,765,398
77,19,5,4593,2055
77,19,6,36450,10509
77,20,2,20,19
77,20,3,85,77
77,20,4,585,324
77,20,5,3620,1479
77,20,6,25388,7315
77,21,2,19,17
77,21,3,83,70
77,21,4,478,279
77,21,5,3153,1159
77,21,6,18802,5016
77,22,2,18,15
77,22,3,77,60
77,22,4,400,242
77,22,5,2272,952
77,22,6,14130,3903
77,22,7,87696,16685
77,23,2,15,14
77,23,3,67,51
77,23,4,328,188
77,23,5,2052,754
77,23,6,10763,2940
77,23,7,64273,11869
77,24,2,13,13
77,24,3,56,45
77,24,4,264,154
77,24,5,1343,584
77,24,6,7707,2176
77,24,7,44964,8939
78,3,2,1014,1014
78,4,2,507,507
78,4,3,19032,19032
78,5,2,312,312
78,5,3,8248,7816
78,6,2,209,208
78,6,3,4287,3809
78,6,4,128805,95095
78,7,2,153,145
78,7,3,2687,2296
78,7,4,63563,41329
78,8,2,119,108
78,8,3,1703,1395
78,8,4,32646,20378
78,9,2,90,87
78,9,3,1159,919
78,9,4,19308,11848
78,10,2,74,72
78,10,3,733,671
78,10,4,13911,7013
78,11,2,62,60
78,11,3,586,504
78,11,4,8965,4645
78,12,2,53,50
78,12,3,490,377
78,12,4,5247,3185
78,12,5,74299,29075
78,13,2,47,42
78,13,3,388,294
78,13,4,4187,2196
78,13,5,47820,18366
78,14,2,39,38
78,14,3,320,234
78,14,4,2952,1588
78,14,5,31498,11918
78,15,2,34,32
78,15,3,230,193
78,15,4,2182,1176
78,15,5,21605,7868
78,16,2,30,30
78,16,3,181,152
78,16,4,1723,902
78,16,5,13888,5582
78,17,2,28,27
78,17,3,156,134
78,17,4,1304,689
78,17,5,10034,3933
78,17,6,87828,24070
78,18,2,24,22
78,18,3,130,109
78,18,4,863,551
78,18,5,7371,2808
78,18,6,55073,15392
78,19,2,21,21
78,19,3,110,91
78,19,4,787,423
78,19,5,5261,2213
78,19,6,39060,11085
78,20,2,20,20
78,20,3,85,82
78,20,4,592,351
78,20,5,3939,1553
78,20,6,28320,8015
78,21,2,19,18
78,21,3,84,71
78,21,4,510,286
78,21,5,3321,1204
78,21,6,20730,5494
78,22,2,18,16
78,22,3,77,61
78,22,4,418,249
78,22,5,2275,990
78,22,6,15365,4110
78,23,2,16,14
78,23,3,71,51
78,23,4,353,204
78,23,5,2214,821
78,23,6,11691,3229
78,23,7,70015,13237
78,24,2,13,13
78,24,3,57,46
78,24,4,275,166
78,24,5,1426,611
78,24,6,8938,2451
78,24,7,50080,9555
79,3,2,1027,1027
79,4,2,514,514
79,4,3,20033,20027
79,5,2,316,316
79,5,3,8469,8011
79,6,2,211,211
79,6,3,4572,4108
79,7,2,158,147
79,7,3,2791,2348
79,7,4,67492,42988
79,8,2,121,119
79,8,3,1748,1432
79,8,4,35038,22673
79,9,2,90,88
79,9,3,1169,948
79,9,4,20196,12245
79,10,2,75,73
79,10,3,736,688
79,10,4,14803,7261
79,11,2,63,61
79,11,3,600,518
79,11,4,9443,4819
79,12,2,54,53
79,12,3,508,395
79,12,4,5661,3318
79,12,5,81520,30580
79,13,2,49,43
79,13,3,392,304
79,13,4,4320,2291
79,13,5,51162,19355
79,14,2,40,38
79,14,3,341,237
79,14,4,3211,1659
79,14,5,33258,12392
79,15,2,35,33
79,15,3,239,201
79,15,4,2302,1233
79,15,5,23395,8364
79,16,2,30,30
79,16,3,185,158
79,16,4,1835,953
79,16,5,15045,5807
79,17,2,28,27
79,17,3,158,140
79,17,4,1413,707
79,17,5,10842,4192
79,18,2,26,23
79,18,3,143,119
79,18,4,992,589
79,18,5,8114,3024
79,18,6,59533,17262
79,19,2,21,21
79,19,3,116,92
79,19,4,839,454
79,19,5,5657,2291
79,19,6,40892,11676
79,20,2,20,20
79,20,3,85,83
79,20,4,595,360
79,20,5,4294,1671
79,20,6,30388,8742
79,21,2,19,19
79,21,3,84,76
79,21,4,523,309
79,21,5,3435,1321
79,21,6,22792,5843
79,22,2,18,16
79,22,3,81,65
79,22,4,452,255
79,22,5,2780,1037
79,22,6,16924,4324
79,23,2,17,14
79,23,3,73,55
79,23,4,374,210
79,23,5,2221,856
79,23,6,12699,3401
79,23,7,73483,14117
79,24,2,15,14
79,24,3,63,47
79,24,4,305,168
79,24,5,1613,672
79,24,6,9979,2703
79,24,7,54589,10629
80,3,2,1067,1067
80,4,2,540,540
80,4,3,20540,20540
80,5,2,320,320
80,5,3,8705,8224
80,6,2,216,214
80,6,3,4717,4214
80,7,2,161,160
80,7,3,2879,2412
80,7,4,71752,46949
80,8,2,124,120
80,8,3,1762,1470
80,8,4,36319,23480
80,9,2,90,89
80,9,3,1170,1058
80,9,4,20752,12729
80,10,2,75,74
80,10,3,738,704
80,10,4,15588,7584
80,11,2,64,61
80,11,3,610,531
80,11,4,10072,5004
80,12,2,54,54
80,12,3,522,407
80,12,4,5750,3454
80,12,5,86005,32127
80,13,2,49,46
80,13,3,409,327
80,13,4,4670,2431
80,13,5,55840,20419
80,14,2,40,40
80,14,3,345,246
80,14,4,3415,1738
80,14,5,35680,13092
80,15,2,36,34
80,15,3,251,203
80,15,4,2463,1264
80,15,5,25017,8848
80,16,2,31,30
80,16,3,188,165
80,16,4,1929,1005
80,16,5,16001,6165
80,17,2,29,28
80,17,3,163,142
80,17,4,1504,744
80,17,5,11861,4485
80,18,2,26,24
80,18,3,152,120
80,18,4,1041,623
80,18,5,8547,3143
80,18,6,67247,18632
80,19,2,23,22
80,19,3,125,97
80,19,4,849,502
80,19,5,6089,2480
80,19,6,47338,12733
80,20,2,20,20
80,20,3,85,84
80,20,4,597,368
80,20,5,4651,1816
80,20,6,33604,9164
80,21,2,20,19
80,21,3,85,77
80,21,4,559,317
80,21,5,3751,1372
80,21,6,24924,6366
80,22,2,18,17
80,22,3,83,70
80,22,4,480,277
80,22,5,2867,1124
80,22,6,18715,4804
80,23,2,17,15
80,23,3,76,56
80,23,4,405,227
80,23,5,2222,887
80,23,6,13906,3607
80,23,7,81153,15040
80,24,2,15,14
80,24,3,67,48
80,24,4,320,184
80,24,5,1743,700
80,24,6,10842,2854
80,24,7,58602,11337
81,3,2,1080,1080
81,4,2,547,547
81,4,3,21607,21607
81,5,2,324,324
81,5,3,9078,8748
81,6,2,218,216
81,6,3,4811,4320
81,7,2,163,162
81,7,3,2930,2477
81,7,4,75879,48762
81,8,2,127,122
81,8,3,1921,1620
81,8,4,38672,24422
81,9,2,90,90
81,9,3,1170,1080
81,9,4,21312,13230
81,10,2,76,75
81,10,3,738,721
81,10,4,16532,8570
81,11,2,66,62
81,11,3,630,545
81,11,4,10516,5184
81,12,2,55,54
81,12,3,545,412
81,12,4,6354,3585
81,12,5,91675,33777
81,13,2,50,47
81,13,3,443,337
81,13,4,4906,2536
81,13,5,57925,21522
81,14,2,43,41
81,14,3,352,267
81,14,4,3538,1892
81,14,5,37666,14066
81,15,2,38,36
81,15,3,264,216
81,15,4,2600,1329
81,15,5,26809,9386
81,16,2,31,31
81,16,3,195,173
81,16,4,2090,1028
81,16,5,17985,6399
81,17,2,29,28
81,17,3,168,144
81,17,4,1604,787
81,17,5,12812,4789
81,18,2,27,25
81,18,3,156,126
81,18,4,1090,639
81,18,5,9358,3348
81,18,6,72657,18000
81,19,2,24,22
81,19,3,129,103
81,19,4,867,512
81,19,5,6596,2656
81,19,6,50503,13400
81,20,2,21,21
81,20,3,103,90
81,20,4,719,393
81,20,5,5232,2034
81,20,6,36623,10044
81,21,2,20,19
81,21,3,85,78
81,21,4,591,324
81,21,5,4121,1420
81,21,6,26766,7005
81,22,2,19,17
81,22,3,84,70
81,22,4,493,284
81,22,5,3062,1168
81,22,6,19980,5052
81,23,2,18,15
81,23,3,77,60
81,23,4,430,247
81,23,5,2486,976
81,23,6,15356,3959
81,23,7,91384,16919
81,24,2,15,14
81,24,3,69,51
81,24,4,344,189
81,24,5,1928,767
81,24,6,11327,2994
81,24,7,66600,12059
82,3,2,1121,1121
82,4,2,554,554
82,4,3,22140,22140
82,5,2,345,345
82,5,3,9436,8971
82,6,2,233,233
82,6,3,4892,4428
82,7,2,169,164
82,7,3,3143,2531
82,7,4,80205,50606
82,8,2,131,123
82,8,3,1978,1661
82,8,4,40319,25390
82,9,2,101,101
82,9,3,1297,1112
82,9,4,23212,14760
82,10,2,77,76
82,10,3,738,738
82,10,4,17215,8856
82,11,2,69,68
82,11,3,647,560
82,11,4,11112,5375
82,12,2,55,55
82,12,3,573,424
82,12,4,6486,3725
82,13,2,51,48
82,13,3,453,341
82,13,4,5049,2599
82,13,5,61862,22614
82,14,2,43,41
82,14,3,365,276
82,14,4,3685,1974
82,14,5,40560,14854
82,15,2,39,37
82,15,3,285,225
82,15,4,2768,1460
82,15,5,27726,10343
82,16,2,34,31
82,16,3,226,185
82,16,4,2198,1107
82,16,5,19135,6812
82,17,2,30,29
82,17,3,173,150
82,17,4,1692,835
82,17,5,14000,4959
82,18,2,28,26
82,18,3,158,128
82,18,4,1151,656
82,18,5,10053,3586
82,18,6,78067,19539
82,19,2,25,22
82,19,3,138,108
82,19,4,1005,544
82,19,5,7335,2758
82,19,6,54898,14450
82,20,2,21,21
82,20,3,107,91
82,20,4,746,423
82,20,5,5641,2100
82,20,6,38859,10890
82,21,2,20,20
82,21,3,85,82
82,21,4,623,352
82,21,5,4427,1535
82,21,6,29357,7943
82,22,2,19,18
82,22,3,84,71
82,22,4,531,291
82,22,5,3138,1208
82,22,6,21788,5293
82,23,2,18,16
82,23,3,77,61
82,23,4,451,250
82,23,5,2490,1013
82,23,6,16943,4165
82,24,2,17,14
82,24,3,72,52
82,24,4,360,205
82,24,5,2018,844
82,24,6,12300,3335
82,24,7,73254,13527
83,3,2,1135,1135
83,4,2,581,581
83,4,3,23261,23261
83,5,2,349,349
83,5,3,9849,9197
83,6,2,236,236
83,6,3,4996,4773
83,7,2,173,166
83,7,3,3252,2763
83,7,4,84899,52504
83,8,2,135,125
83,8,3,2082,1702
83,8,4,42827,26260
83,9,2,102,102
83,9,3,1333,1135
83,9,4,24212,15319
83,10,2,85,83
83,10,3,839,839
83,10,4,18426,9230
83,11,2,71,68
83,11,3,660,574
83,11,4,11668,5569
83,12,2,61,58
83,12,3,587,471
83,12,4,6810,3874
83,13,2,52,49
83,13,3,480,352
83,13,4,5368,2708
83,13,5,66520,23783
83,14,2,44,42
83,14,3,380,285
83,14,4,3941,2022
83,14,5,43577,15409
83,15,2,39,37
83,15,3,301,227
83,15,4,2902,1528
83,15,5,29808,10923
83,16,2,35,32
83,16,3,234,192
83,16,4,2309,1168
83,16,5,20671,7574
83,17,2,31,30
83,17,3,183,152
83,17,4,1794,904
83,17,5,15048,5405
83,18,2,28,27
83,18,3,160,134
83,18,4,1251,692
83,18,5,10895,3851
83,18,6,85294,20511
83,19,2,25,23
83,19,3,147,114
83,19,4,1030,560
83,19,5,7950,2866
83,19,6,60431,15666
83,20,2,21,21
83,20,3,109,92
83,20,4,757,449
83,20,5,6099,2258
83,20,6,41067,11446
83,21,2,20,20
83,21,3,85,83
83,21,4,639,360
83,21,5,4680,1672
83,21,6,31911,8300
83,22,2,19,19
83,22,3,85,76
83,22,4,572,310
83,22,5,3579,1328
83,22,6,24582,5792
83,23,2,18,16
83,23,3,77,65
83,23,4,473,257
83,23,5,2490,1051
83,23,6,18322,4360
83,24,2,17,15
83,24,3,73,56
83,24,4,384,211
83,24,5,2204,865
83,24,6,13593,3504
83,24,7,77297,14404
84,3,2,1176,1176
84,4,2,588,588
84,4,3,23835,23835
84,5,2,353,353
84,5,3,10134,9762
84,6,2,243,238
84,6,3,5095,4886
84,7,2,177,168
84,7,3,3364,2832
84,7,4,89439,57276
84,8,2,137,126
84,8,3,2195,1743
84,8,4,44598,29012
84,9,2,104,103
84,9,3,1388,1167
84,9,4,26099,15886
84,10,2,86,84
84,10,3,869,857
84,10,4,19175,9534
84,11,2,73,70
84,11,3,736,634
84,11,4,12390,6407
84,12,2,62,59
84,12,3,593,476
84,12,4,6889,4018
84,13,2,52,49
84,13,3,493,375
84,13,4,5638,3044
84,13,5,72217,24360
84,14,2,46,42
84,14,3,387,294
84,14,4,4147,2112
84,14,5,46179,16248
84,15,2,40,38
84,15,3,313,236
84,15,4,3038,1596
84,15,5,31893,11324
84,16,2,35,32
84,16,3,242,195
84,16,4,2435,1192
84,16,5,21749,8022
84,17,2,31,30
84,17,3,187,159
84,17,4,1890,949
84,17,5,16343,5772
84,18,2,28,27
84,18,3,161,140
84,18,4,1349,710
84,18,5,11647,4219
84,19,2,27,23
84,19,3,152,120
84,19,4,1058,593
84,19,5,8533,3060
84,19,6,63371,17026
84,20,2,21,21
84,20,3,111,97
84,20,4,782,479
84,20,5,6552,2352
84,20,6,45366,12038
84,21,2,21,20
84,21,3,85,84
84,21,4,682,368
84,21,5,4680,1796
84,21,6,32449,9032
84,22,2,20,19
84,22,3,85,77
84,22,4,591,317
84,22,5,3884,1375
84,22,6,26392,6384
84,23,2,19,17
84,23,3,84,70
84,23,4,501,278
84,23,5,2490,1133
84,23,6,19959,4851
84,24,2,17,15
84,24,3,73,56
84,24,4,390,228
84,24,5,2289,900
84,24,6,14275,3679
84,24,7,80334,15260
85,3,2,1190,1190
85,4,2,595,595
85,4,3,24997,24990
85,5,2,357,357
85,5,3,10398,9996
85,6,2,252,241
85,6,3,5117,5001
85,7,2,182,170
85,7,3,3414,2890
85,7,4,94030,59330
85,8,2,139,128
85,8,3,2316,1785
85,8,4,47595,30090
85,9,2,107,104
85,9,3,1494,1190
85,9,4,27430,16462
85,10,2,88,85
85,10,3,907,876
85,10,4,20346,9920
85,11,2,74,71
85,11,3,744,650
85,11,4,12824,6623
85,12,2,63,59
85,12,3,614,496
85,12,4,7619,4491
85,13,2,54,50
85,13,3,500,386
85,13,4,5766,3113
85,13,5,76635,25585
85,14,2,49,43
85,14,3,408,298
85,14,4,4276,2277
85,14,5,48716,18482
85,15,2,41,39
85,15,3,325,238
85,15,4,3201,1666
85,15,5,34204,11968
85,16,2,36,33
85,16,3,248,202
85,16,4,2539,1254
85,16,5,24183,8479
85,17,2,31,30
85,17,3,190,160
85,17,4,2013,975
85,17,5,17214,5960
85,18,2,29,28
85,18,3,162,142
85,18,4,1432,751
85,18,5,12816,4482
85,19,2,27,24
85,19,3,153,121
85,19,4,1125,627
85,19,5,9089,3177
85,19,6,68023,17332
85,20,2,24,22
85,20,3,121,98
85,20,4,846,510
85,20,5,7108,2521
85,20,6,49471,13005
85,21,2,21,21
85,21,3,85,85
85,21,4,701,393
85,21,5,5461,1939
85,21,6,37456,9520
85,22,2,20,19
85,22,3,85,78
85,22,4,598,325
85,22,5,4143,1422
85,22,6,27712,6940
85,23,2,19,18
85,23,3,84,71
85,23,4,528,285
85,23,5,3073,1172
85,23,6,21547,5082
85,24,2,18,16
85,24,3,77,61
85,24,4,401,248
85,24,5,2473,985
85,24,6,16128,4013
86,3,2,1233,1233
86,4,2,624,624
86,4,3,25585,25585
86,5,2,379,379
86,5,3,10841,10234
86,6,2,259,244
86,6,3,5117,5117
86,7,2,186,185
86,7,3,3664,2961
86,7,4,98710,61441
86,8,2,141,140
86,8,3,2387,1828
86,8,4,49627,31068
86,9,2,110,106
86,9,3,1564,1224
86,9,4,29186,17057
86,10,2,90,86
86,10,3,971,895
86,10,4,21350,10234
86,11,2,75,72
86,11,3,752,665
86,11,4,13359,6849
86,12,2,64,61
86,12,3,634,509
86,12,4,7758,4659
86,13,2,54,53
86,13,3,506,391
86,13,4,6154,3282
86,13,5,80842,29710
86,14,2,49,43
86,14,3,423,308
86,14,4,4413,2372
86,14,5,52308,19123
86,15,2,42,41
86,15,3,339,247
86,15,4,3338,1709
86,15,5,35553,13055
86,16,2,37,34
86,16,3,258,210
86,16,4,2667,1280
86,16,5,25621,8955
86,17,2,31,31
86,17,3,200,167
86,17,4,2114,1022
86,17,5,18453,6344
86,18,2,29,28
86,18,3,163,144
86,18,4,1512,765
86,18,5,13451,4659
86,19,2,28,25
86,19,3,154,127
86,19,4,1214,643
86,19,5,10103,3400
86,19,6,75602,18169
86,20,2,25,22
86,20,3,125,104
86,20,4,937,521
86,20,5,7771,2697
86,20,6,50064,13662
86,21,2,21,21
86,21,3,109,91
86,21,4,757,402
86,21,5,5738,2089
86,21,6,39560,10325
86,22,2,20,20
86,22,3,85,83
86,22,4,607,333
86,22,5,4289,1537
86,22,6,30969,7580
86,23,2,19,18
86,23,3,85,72
86,23,4,556,292
86,23,5,3172,1216
86,23,6,23232,5318
86,24,2,18,16
86,24,3,77,65
86,24,4,405,255
86,24,5,2484,1022
86,24,6,17309,4200
87,3,2,1247,1247
87,4,2,631,631
87,4,3,26818,26818
87,5,2,383,383
87,5,3,11352,10858
87,6,2,261,261
87,6,3,5496,5496
87,7,2,187,187
87,7,3,3771,3033
87,7,4,106448,63597
87,8,2,143,142
87,8,3,2413,2012
87,8,4,51582,32201
87,9,2,113,107
87,9,3,1631,1354
87,9,4,30818,17671
87,10,2,90,87
87,10,3,1044,923
87,10,4,22263,10649
87,11,2,76,73
87,11,3,767,681
87,11,4,14230,7079
87,12,2,65,62
87,12,3,663,522
87,12,4,8276,4822
87,13,2,55,54
87,13,3,511,409
87,13,4,6447,3407
87,13,5,86407,31180
87,14,2,50,47
87,14,3,432,330
87,14,4,4755,2430
87,14,5,56331,20396
87,15,2,43,41
87,15,3,348,250
87,15,4,3506,1787
87,15,5,37949,13758
87,16,2,39,36
87,16,3,269,223
87,16,4,2828,1344
87,16,5,27387,9293
87,17,2,31,31
87,17,3,206,174
87,17,4,2234,1075
87,17,5,19235,6551
87,18,2,30,29
87,18,3,170,150
87,18,4,1580,808
87,18,5,14568,4940
87,19,2,28,26
87,19,3,156,129
87,19,4,1285,660
87,19,5,10834,3503
87,19,6,76897,19585
87,20,2,25,22
87,20,3,134,109
87,20,4,966,553
87,20,5,8284,2798
87,20,6,53371,14790
87,21,2,22,21
87,21,3,112,92
87,21,4,818,431
87,21,5,6029,2159
87,21,6,41297,11174
87,22,2,21,20
87,22,3,90,84
87,22,4,615,360
87,22,5,4830,1590
87,22,6,32541,8262
87,23,2,19,19
87,23,3,85,77
87,23,4,567,314
87,23,5,3272,1268
87,23,6,24818,5814
87,24,2,18,17
87,24,3,77,66
87,24,4,410,261
87,24,5,2497,1059
87,24,6,18718,4408
88,3,2,1291,1291
88,4,2,638,638
88,4,3,27434,27434
88,5,2,388,388
88,5,3,11886,11106
88,6,2,264,264
88,6,3,5740,5618
88,7,2,193,189
88,7,3,3855,3282
88,7,4,111944,69093
88,8,2,145,143
88,8,3,2443,2057
88,8,4,53868,33363
88,9,2,118,108
88,9,3,1741,1389
88,9,4,31545,19673
88,10,2,91,88
88,10,3,1078,942
88,10,4,22268,11916
88,11,2,77,74
88,11,3,779,696
88,11,4,14747,7384
88,12,2,66,62
88,12,3,707,536
88,12,4,8727,4994
88,13,2,55,55
88,13,3,539,420
88,13,4,6668,3534
88,13,5,92024,32642
88,14,2,51,47
88,14,3,463,340
88,14,4,5016,2571
88,14,5,59164,21416
88,15,2,44,42
88,15,3,352,276
88,15,4,3733,1936
88,15,5,40097,14256
88,16,2,39,37
88,16,3,284,226
88,16,4,2936,1375
88,16,5,28638,9829
88,17,2,35,32
88,17,3,233,187
88,17,4,2339,1155
88,17,5,20403,6958
88,18,2,30,30
88,18,3,174,152
88,18,4,1597,851
88,18,5,15646,5256
88,19,2,29,27
88,19,3,159,135
88,19,4,1322,695
88,19,5,11373,3743
88,19,6,84545,20509
88,20,2,26,23
88,20,3,139,115
88,20,4,1022,568
88,20,5,8522,2904
88,20,6,58804,15414
88,21,2,22,21
88,21,3,114,93
88,21,4,859,457
88,21,5,6570,2318
88,21,6,43700,11725
88,22,2,21,20
88,22,3,91,85
88,22,4,619,368
88,22,5,5226,1724
88,22,6,35217,8636
88,23,2,20,19
88,23,3,85,78
88,23,4,574,322
88,23,5,3548,1378
88,23,6,26528,6084
88,24,2,19,17
88,24,3,77,70
88,24,4,418,283
88,24,5,2499,1152
88,24,6,19921,4650
89,3,2,1306,1306
89,4,2,668,668
89,4,3,28725,28725
89,5,2,393,392
89,5,3,12390,11357
89,6,2,267,267
89,6,3,6122,5756
89,7,2,195,191
89,7,3,4002,3357
89,8,2,145,145
89,8,3,2633,2103
89,8,4,56218,36513
89,9,2,121,110
89,9,3,1749,1415
89,9,4,32361,20342
89,10,2,91,89
89,10,3,1155,962
89,10,4,23266,12363
89,11,2,77,75
89,11,3,795,712
89,11,4,15516,7622
89,12,2,67,63
89,12,3,728,549
89,12,4,9154,5162
89,13,2,56,55
89,13,3,559,425
89,13,4,7098,3670
89,14,2,52,48
89,14,3,467,350
89,14,4,5165,2670
89,14,5,62814,22467
89,15,2,45,42
89,15,3,359,279
89,15,4,3779,2018
89,15,5,43297,15255
89,16,2,40,38
89,16,3,310,234
89,16,4,3147,1536
89,16,5,31275,10769
89,17,2,35,32
89,17,3,242,194
89,17,4,2430,1184
89,17,5,21021,7199
89,18,2,31,30
89,18,3,186,159
89,18,4,1676,925
89,18,5,16285,5711
89,19,2,29,28
89,19,3,160,141
89,19,4,1440,712
89,19,5,12227,3987
89,20,2,27,24
89,20,3,149,121
89,20,4,1092,601
89,20,5,9360,3093
89,20,6,65574,16141
89,21,2,23,22
89,21,3,116,98
89,21,4,887,488
89,21,5,7115,2408
89,21,6,47018,12308
89,22,2,21,21
89,22,3,95,86
89,22,4,688,377
89,22,5,5450,1849
89,22,6,38137,9378
89,23,2,20,19
89,23,3,86,79
89,23,4,584,329
89,23,5,3838,1424
89,23,6,27804,6672
89,24,2,19,18
89,24,3,84,71
89,24,4,421,290
89,24,5,2505,1195
89,24,6,21505,5111
90,3,2,1350,1350
90,4,2,675,675
90,4,3,29385,29385
90,5,2,414,414
90,5,3,12900,12024
90,6,2,273,270
90,6,3,6364,5880
90,7,2,195,193
90,7,3,4241,3434
90,8,2,152,147
90,8,3,2705,2149
90,8,4,58378,37767
90,9,2,123,120
90,9,3,1848,1450
90,9,4,33169,21030
90,10,2,91,90
90,10,3,1195,981
90,10,4,24113,12735
90,11,2,79,76
90,11,3,810,729
90,11,4,16369,7871
90,12,2,68,68
90,12,3,735,563
90,12,4,9403,5340
90,13,2,56,56
90,13,3,574,437
90,13,4,7420,3801
90,14,2,52,49
90,14,3,474,354
90,14,4,5373,2733
90,14,5,67227,23240
90,15,2,46,42
90,15,3,371,288
90,15,4,4090,2100
90,15,5,45889,16020
90,16,2,41,38
90,16,3,321,237
90,16,4,3283,1570
90,16,5,32109,11352
90,17,2,36,33
90,17,3,250,202
90,17,4,2620,1239
90,17,5,22696,8132
90,18,2,31,30
90,18,3,190,160
90,18,4,1739,970
90,18,5,17150,5920
90,19,2,29,28
90,19,3,162,143
90,19,4,1521,754
90,19,5,13362,4382
90,20,2,27,25
90,20,3,153,126
90,20,4,1168,635
90,20,5,10025,3204
90,20,6,68631,17433
90,21,2,25,22
90,21,3,121,103
90,21,4,946,519
90,21,5,7400,2576
90,21,6,51363,13256
90,22,2,21,21
90,22,3,96,90
90,22,4,728,401
90,22,5,5577,1997
90,22,6,38937,9851
90,23,2,20,20
90,23,3,87,83
90,23,4,614,337
90,23,5,4238,1476
90,23,6,29819,7236
90,24,2,19,18
90,24,3,85,72
90,24,4,424,297
90,24,5,2508,1234
90,24,6,23053,5340
91,3,2,1365,1365
91,4,2,683,683
91,4,3,30720,30713
91,5,2,419,419
91,5,3,13475,12285
91,6,2,273,273
91,6,3,6774,6279
91,7,2,195,195
91,7,3,4333,3510
91,8,2,158,148
91,8,3,2753,2196
91,8,4,62295,39051
91,9,2,126,122
91,9,3,1943,1487
91,9,4,35816,21729
91,10,2,91,91
91,10,3,1249,1092
91,10,4,24980,13195
91,11,2,80,77
91,11,3,825,745
91,11,4,17137,8116
91,12,2,72,69
91,12,3,740,577
91,12,4,9666,5529
91,13,2,62,59
91,13,3,587,476
91,13,4,7744,3941
91,14,2,53,50
91,14,3,481,364
91,14,4,5795,2841
91,14,5,71968,24031
91,15,2,47,43
91,15,3,393,298
91,15,4,4273,2148
91,15,5,48522,16581
91,16,2,42,39
91,16,3,333,239
91,16,4,3419,1638
91,16,5,33665,11944
91,17,2,37,34
91,17,3,259,204
91,17,4,2745,1269
91,17,5,23821,8405
91,18,2,31,31
91,18,3,199,167
91,18,4,1938,1022
91,18,5,17953,6264
91,19,2,30,28
91,19,3,163,144
91,19,4,1599,767
91,19,5,14088,4646
91,20,2,28,25
91,20,3,154,128
91,20,4,1218,651
91,20,5,10717,3431
91,20,6,71586,18237
91,21,2,25,22
91,21,3,126,109
91,21,4,1012,546
91,21,5,8167,2752
91,21,6,54528,13884
91,22,2,22,21
91,22,3,116,91
91,22,4,773,427
91,22,5,6403,2147
91,22,6,42679,10656
91,23,2,20,20
91,23,3,87,84
91,23,4,620,357
91,23,5,4557,1587
91,23,6,31805,7902
91,24,2,19,19
91,24,3,85,77
91,24,4,428,315
91,24,5,2508,1278
91,24,6,24931,5597
92,3,2,1411,1411
92,4,2,713,713
92,4,3,31395,31395
92,5,2,424,424
92,5,3,13982,12568
92,6,2,292,292
92,6,3,7039,6425
92,7,2,211,211
92,7,3,4459,3588
92,8,2,162,150
92,8,3,2775,2243
92,8,4,64691,40365
92,9,2,127,123
92,9,3,2007,1513
92,9,4,37362,22448
92,10,2,102,102
92,10,3,1341,1123
92,10,4,25854,13681
92,11,2,87,84
92,11,3,838,762
92,11,4,17974,9134
92,12,2,73,69
92,12,3,752,591
92,12,4,9881,5712
92,13,2,63,60
92,13,3,624,489
92,13,4,8216,4084
92,14,2,53,51
92,14,3,496,388
92,14,4,5950,3128
92,14,5,76143,25208
92,15,2,49,43
92,15,3,413,307
92,15,4,4507,2233
92,15,5,51500,17425
92,16,2,43,41
92,16,3,336,248
92,16,4,3595,1714
92,16,5,35522,12351
92,17,2,38,35
92,17,3,269,212
92,17,4,2866,1294
92,17,5,26172,8865
92,18,2,31,31
92,18,3,211,174
92,18,4,2025,1043
92,18,5,19005,6486
92,19,2,30,30
92,19,3,163,151
92,19,4,1671,809
92,19,5,14328,4949
92,20,2,28,26
92,20,3,156,129
92,20,4,1276,663
92,20,5,11116,3529
92,20,6,79014,19058
92,21,2,26,23
92,21,3,134,110
92,21,4,1069,561
92,21,5,8457,2852
92,21,6,58527,15032
92,22,2,22,21
92,22,3,118,92
92,22,4,786,456
92,22,5,6618,2284
92,22,6,45639,11509
92,23,2,21,20
92,23,3,96,85
92,23,4,625,364
92,23,5,4852,1708
92,23,6,34509,8588
92,24,2,20,19
92,24,3,85,78
92,24,4,432,322
92,24,5,2510,1369
92,24,6,25873,6084
93,3,2,1426,1426
93,4,2,721,721
93,4,3,32806,32806
93,5,2,429,429
93,5,3,14376,13263
93,6,2,295,295
93,6,3,7455,6572
93,7,2,213,213
93,7,3,4687,3880
93,8,2,165,163
93,8,3,2913,2453
93,8,4,68858,41711
93,9,2,128,124
93,9,3,2012,1550
93,9,4,38639,23178
93,10,2,103,103
93,10,3,1390,1144
93,10,4,27606,14071
93,11,2,88,86
93,11,3,935,863
93,11,4,18610,9495
93,12,2,75,72
93,12,3,767,651
93,12,4,10066,5906
93,13,2,63,60
93,13,3,638,494
93,13,4,8555,4228
93,14,2,55,54
93,14,3,502,399
93,14,4,6075,3249
93,14,5,81161,26426
93,15,2,50,44
93,15,3,418,317
93,15,4,4574,2406
93,15,5,54357,19394
93,16,2,44,41
93,16,3,342,250
93,16,4,3715,1785
93,16,5,39356,12980
93,17,2,39,37
93,17,3,280,225
93,17,4,2989,1357
93,17,5,27425,9377
93,18,2,31,31
93,18,3,220,181
93,18,4,2106,1096
93,18,5,20238,6686
93,19,2,30,30
93,19,3,168,152
93,19,4,1781,852
93,19,5,14733,5106
93,20,2,29,27
93,20,3,158,140
93,20,4,1371,703
93,20,5,11545,3762
93,20,6,84431,20493
93,21,2,26,23
93,21,3,139,116
93,21,4,1120,572
93,21,5,9059,2940
93,21,6,61031,15629
93,22,2,23,22
93,22,3,124,98
93,22,4,846,465
93,22,5,7059,2372
93,22,6,48276,12057
93,23,2,21,21
93,23,3,98,86
93,23,4,626,372
93,23,5,5145,1844
93,23,6,36721,9236
93,24,2,20,19
93,24,3,87,79
93,24,4,440,330
93,24,5,2511,1411
93,24,6,27688,6619
94,3,2,1473,1473
94,4,2,729,729
94,4,3,33511,33511
94,5,2,452,452
94,5,3,14685,13555
94,6,2,303,298
94,6,3,7748,6721
94,7,2,218,215
94,7,3,4874,3962
94,8,2,167,165
94,8,3,2963,2503
94,8,4,71693,45590
94,9,2,130,126
94,9,3,2109,1703
94,9,4,41487,25621
94,10,2,104,104
94,10,3,1416,1166
94,10,4,28547,14570
94,11,2,90,87
94,11,3,964,881
94,11,4,19887,9776
94,12,2,76,73
94,12,3,779,674
94,12,4,10147,6761
94,13,2,64,61
94,13,3,655,521
94,13,4,8984,4708
94,14,2,55,54
94,14,3,516,403
94,14,4,6460,3317
94,14,5,83785,27623
94,15,2,51,47
94,15,3,433,339
94,15,4,4900,2501
94,15,5,57908,20361
94,16,2,44,42
94,16,3,344,259
94,16,4,3940,1863
94,16,5,41058,14136
94,17,2,40,37
94,17,3,295,227
94,17,4,3118,1383
94,17,5,28605,9870
94,18,2,35,32
94,18,3,237,194
94,18,4,2210,1175
94,18,5,21646,7087
94,19,2,30,30
94,19,3,180,154
94,19,4,1861,896
94,19,5,16097,5423
94,20,2,29,28
94,20,3,159,141
94,20,4,1450,715
94,20,5,12661,4005
94,20,6,85967,21418
94,21,2,27,24
94,21,3,148,121
94,21,4,1190,627
94,21,5,9354,3147
94,21,6,63603,16343
94,22,2,23,22
94,22,3,126,99
94,22,4,899,496
94,22,5,7316,2444
94,22,6,51424,12562
94,23,2,21,21
94,23,3,100,90
94,23,4,627,401
94,23,5,5514,1901
94,23,6,39781,9695
94,24,2,20,20
94,24,3,88,83
94,24,4,442,337
94,24,5,2514,1457
94,24,6,29150,7223
95,3,2,1489,1489
95,4,2,760,760
95,4,3,34984,34984
95,5,2,456,456
95,5,3,15070,13851
95,6,2,304,301
95,6,3,8104,7157
95,7,2,225,218
95,7,3,5004,4045
95,8,2,170,167
95,8,3,2995,2554
95,8,4,76203,47049
95,9,2,132,127
95,9,3,2149,1742
95,9,4,43281,26421
95,10,2,107,105
95,10,3,1521,1197
95,10,4,30295,16179
95,11,2,91,88
95,11,3,999,899
95,11,4,20167,10070
95,12,2,78,74
95,12,3,795,689
95,12,4,10271,6975
95,13,2,66,63
95,13,3,712,534
95,13,4,9035,4926
95,14,2,56,55
95,14,3,532,414
95,14,4,6784,3536
95,14,5,87751,31948
95,15,2,51,48
95,15,3,442,342
95,15,4,5098,2553
95,15,5,59617,21008
95,16,2,46,42
95,16,3,347,280
95,16,4,4092,2013
95,16,5,43242,14850
95,17,2,40,38
95,17,3,317,235
95,17,4,3225,1448
95,17,5,30224,10411
95,18,2,36,32
95,18,3,246,196
95,18,4,2313,1199
95,18,5,22701,7300
95,19,2,31,30
95,19,3,191,160
95,19,4,1895,970
95,19,5,16881,5875
95,20,2,30,28
95,20,3,160,143
95,20,4,1538,732
95,20,5,12967,4256
95,21,2,28,25
95,21,3,154,127
95,21,4,1244,638
95,21,5,10280,3235
95,21,6,71361,17607
95,22,2,25,22
95,22,3,130,104
95,22,4,946,523
95,22,5,8167,2708
95,22,6,55296,13590
95,23,2,21,21
95,23,3,103,92
95,23,4,628,409
95,23,5,5977,2049
95,23,6,42309,10095
95,24,2,20,20
95,24,3,88,84
95,24,4,445,357
95,24,5,2515,1588
95,24,6,30697,7525
96,3,2,1536,1536
96,4,2,768,768
96,4,3,35736,35736
96,5,2,462,461
96,5,3,15365,14592
96,6,2,304,304
96,6,3,8118,7296
96,7,2,227,220
96,7,3,5051,4128
96,8,2,174,168
96,8,3,3002,2616
96,8,4,79426,48540
96,9,2,136,128
96,9,3,2306,1782
96,9,4,46066,27243
96,10,2,110,106
96,10,3,1563,1220
96,10,4,31462,16724
96,11,2,92,89
96,11,3,1042,917
96,11,4,21203,10447
96,12,2,79,75
96,12,3,810,704
96,12,4,10289,7192
96,13,2,68,63
96,13,3,738,547
96,13,4,9131,5088
96,14,2,56,55
96,14,3,537,432
96,14,4,6977,3662
96,14,5,88752,33374
96,15,2,52,49
96,15,3,445,352
96,15,4,5341,2650
96,15,5,60707,22023
96,16,2,47,42
96,16,3,349,288
96,16,4,4244,2052
96,16,5,43369,15318
96,17,2,41,39
96,17,3,327,238
96,17,4,3430,1582
96,17,5,31757,11368
96,18,2,37,33
96,18,3,258,203
96,18,4,2468,1254
96,18,5,23733,7723
96,19,2,32,31
96,19,3,199,162
96,19,4,2073,991
96,19,5,17112,6059
96,20,2,30,28
96,20,3,163,144
96,20,4,1608,768
96,20,5,13467,4656
96,21,2,28,26
96,21,3,155,128
96,21,4,1313,654
96,21,5,10472,3347
96,21,6,74718,18373
96,22,2,26,22
96,22,3,136,110
96,22,4,996,555
96,22,5,8611,2784
96,22,6,58838,14117
96,23,2,23,21
96,23,3,117,93
96,23,4,757,435
96,23,5,6325,2183
96,23,6,46130,11303
96,24,2,20,20
96,24,3,88,85
96,24,4,448,368
96,24,5,2516,1636
96,24,6,31232,8196
97,3,2,1552,1552
97,4,2,776,776
97,4,3,37256,37248
97,5,2,466,466
97,5,3,15697,14900
97,6,2,324,324
97,6,3,8572,7453
97,7,2,229,222
97,7,3,5354,4213
97,8,2,181,170
97,8,3,3189,2668
97,8,4,84297,50052
97,9,2,140,130
97,9,3,2349,1811
97,9,4,48227,28195
97,10,2,114,107
97,10,3,1589,1242
97,10,4,33231,17286
97,11,2,92,90
97,11,3,1128,935
97,11,4,22068,10759
97,12,2,80,76
97,12,3,826,720
97,12,4,11327,7413
97,13,2,69,64
97,13,3,756,560
97,13,4,9925,5254
97,14,2,56,56
97,14,3,542,437
97,14,4,7424,3790
97,14,5,94181,34844
97,15,2,53,50
97,15,3,453,356
97,15,4,5509,2794
97,15,5,63951,23015
97,16,2,48,43
97,16,3,350,298
97,16,4,4433,2134
97,16,5,47836,16066
97,17,2,42,39
97,17,3,338,240
97,17,4,3570,1644
97,17,5,33392,11709
97,18,2,37,34
97,18,3,268,211
97,18,4,2548,1283
97,18,5,25787,8526
97,19,2,32,31
97,19,3,215,169
97,19,4,2106,1037
97,19,5,19013,6402
97,20,2,30,30
97,20,3,164,151
97,20,4,1678,786
97,20,5,14601,4807
97,21,2,29,26
97,21,3,156,130
97,21,4,1366,666
97,21,5,11518,3548
97,21,6,78283,19179
97,22,2,27,23
97,22,3,141,115
97,22,4,1052,565
97,22,5,8706,2884
97,22,6,62261,14758
97,23,2,23,22
97,23,3,123,94
97,23,4,781,464
97,23,5,6877,2341
97,23,6,48174,11742
97,24,2,21,21
97,24,3,101,86
97,24,4,562,376
97,24,5,3272,1759
97,24,6,34956,8823
98,3,2,1601,1601
98,4,2,809,809
98,4,3,38024,38024
98,5,2,490,490
98,5,3,16016,15211
98,6,2,327,327
98,6,3,8826,7612
98,7,2,242,238
98,7,3,5382,4536
98,8,2,185,172
98,8,3,3260,2720
98,8,4,87543,51610
98,9,2,142,142
98,9,3,2389,1852
98,9,4,51057,29052
98,10,2,119,108
98,10,3,1676,1274
98,10,4,34416,17748
98,11,2,93,91
98,11,3,1168,954
98,11,4,23158,11066
98,12,2,80,77
98,12,3,846,735
98,12,4,11852,7636
98,13,2,70,68
98,13,3,774,573
98,13,4,10171,5428
98,14,2,56,56
98,14,3,546,448
98,14,4,7773,3920
98,15,2,54,50
98,15,3,501,366
98,15,4,5864,2856
98,15,5,67490,24082
98,16,2,49,43
98,16,3,350,307
98,16,4,4650,2181
98,16,5,50346,17114
98,17,2,42,41
98,17,3,345,248
98,17,4,3704,1718
98,17,5,36142,12303
98,18,2,38,35
98,18,3,278,213
98,18,4,2726,1307
98,18,5,26941,8951
98,19,2,33,31
98,19,3,221,176
98,19,4,2229,1089
98,19,5,20415,6618
98,20,2,30,30
98,20,3,165,152
98,20,4,1745,829
98,20,5,15012,5082
98,21,2,29,27
98,21,3,157,140
98,21,4,1461,705
98,21,5,12160,3668
98,21,6,81696,20599
98,22,2,27,24
98,22,3,148,116
98,22,4,1122,580
98,22,5,9232,2973
98,22,6,64053,15805
98,23,2,23,22
98,23,3,128,98
98,23,4,787,490
98,23,5,7251,2408
98,23,6,50598,12289
98,24,2,21,21
98,24,3,106,90
98,24,4,584,384
98,24,5,3512,1895
98,24,6,37358,9560
99,3,2,1617,1617
99,4,2,817,817
99,4,3,39625,39625
99,5,2,495,495
99,5,3,16320,16019
99,6,2,336,330
99,6,3,9015,8085
99,7,2,246,241
99,7,3,5427,4625
99,8,2,190,174
99,8,3,3464,2946
99,8,4,92672,56133
99,9,2,143,143
99,9,3,2411,1892
99,9,4,53522,29920
99,10,2,122,109
99,10,3,1768,1406
99,10,4,36382,18335
99,11,2,94,92
99,11,3,1213,972
99,11,4,24165,11466
99,12,2,81,78
99,12,3,859,751
99,12,4,12595,7871
99,13,2,71,69
99,13,3,789,587
99,13,4,10690,5598
99,14,2,63,60
99,14,3,611,481
99,14,4,8019,4052
99,15,2,54,51
99,15,3,503,370
99,15,4,6094,2957
99,15,5,70996,24856
99,16,2,49,44
99,16,3,350,310
99,16,4,4887,2265
99,16,5,52500,17672
99,17,2,45,41
99,17,3,346,251
99,17,4,3897,1788
99,17,5,38377,12702
99,18,2,39,37
99,18,3,289,226
99,18,4,2845,1364
99,18,5,28311,9449
99,19,2,33,32
99,19,3,231,183
99,19,4,2325,1110
99,19,5,21313,6811
99,20,2,30,30
99,20,3,166,154
99,20,4,1810,872
99,20,5,16145,5391
99,21,2,29,28
99,21,3,159,142
99,21,4,1530,717
99,21,5,12832,3909
99,21,6,90137,21483
99,22,2,28,24
99,22,3,152,122
99,22,4,1188,630
99,22,5,10092,3173
99,22,6,65815,16506
99,23,2,24,22
99,23,3,132,104
99,23,4,817,500
99,23,5,7724,2497
99,23,6,53544,12771
99,24,2,21,21
99,24,3,108,92
99,24,4,603,405
99,24,5,3829,2022
99,24,6,40903,9933
